Transaction Number, Pan , Rrn , Terminal , Location , Amount , Tran Type , Response Code , Date
135502735,910012263773217564,071283115654,80015654,80015654 COLLENBAWN T  COLLENBAWN     ZW,0,Goods and services,Issuer or switch inoperative,2020-07-12 23:53:06
135502620,5021958884203681,071283105654,80015654,80015654 COLLENBAWN T  COLLENBAWN     ZW,45,Goods and services,Approved or completed successfully,2020-07-12 23:30:22
135496332,910012263775176148,071283095654,80015654,80015654 COLLENBAWN T  COLLENBAWN     ZW,45,Goods and services,Approved or completed successfully,2020-07-12 19:14:42
135495713,6012376109000367668,071283085654,80015654,80015654 COLLENBAWN T  COLLENBAWN     ZW,45,Goods and services,Approved or completed successfully,2020-07-12 19:03:30
135495653,910012263774779890,071283075654,80015654,80015654 COLLENBAWN T  COLLENBAWN     ZW,45,Goods and services,Approved or completed successfully,2020-07-12 19:02:29
135495569,5890030071570987093,071283065654,80015654,80015654 COLLENBAWN T  COLLENBAWN     ZW,45,Goods and services,Approved or completed successfully,2020-07-12 19:01:03
135495509,58889290304952071,071283055654,80015654,80015654 COLLENBAWN T  COLLENBAWN     ZW,45,Goods and services,Approved or completed successfully,2020-07-12 18:59:58
135495490,8926301007995687,071283045654,80015654,80015654 COLLENBAWN T  COLLENBAWN     ZW,0,Goods and services,Not sufficient funds,2020-07-12 18:59:25
135495324,910012263778491408,071283035654,80015654,80015654 COLLENBAWN T  COLLENBAWN     ZW,45,Goods and services,Approved or completed successfully,2020-07-12 18:56:38
135495238,5890030075102423774,071283025654,80015654,80015654 COLLENBAWN T  COLLENBAWN     ZW,45,Goods and services,Approved or completed successfully,2020-07-12 18:55:16
135495162,5890030075552882131,071283015654,80015654,80015654 COLLENBAWN T  COLLENBAWN     ZW,45,Goods and services,Approved or completed successfully,2020-07-12 18:53:53
135494332,910012263772615217,071283005654,80015654,80015654 COLLENBAWN T  COLLENBAWN     ZW,45,Goods and services,Approved or completed successfully,2020-07-12 18:39:53
135494268,910012263772615217,071282995654,80015654,80015654 COLLENBAWN T  COLLENBAWN     ZW,0,Goods and services,Issuer or switch inoperative,2020-07-12 18:38:41
135494206,8926301007844810,071282985654,80015654,80015654 COLLENBAWN T  COLLENBAWN     ZW,45,Goods and services,Approved or completed successfully,2020-07-12 18:37:38
135493955,910012263777742833,071282975654,80015654,80015654 COLLENBAWN T  COLLENBAWN     ZW,45,Goods and services,Approved or completed successfully,2020-07-12 18:33:29
135493799,5859970001923585,071282965654,80015654,80015654 COLLENBAWN T  COLLENBAWN     ZW,45,Goods and services,Approved or completed successfully,2020-07-12 18:30:49
135493752,910012263772967996,071282955654,80015654,80015654 COLLENBAWN T  COLLENBAWN     ZW,45,Goods and services,Approved or completed successfully,2020-07-12 18:30:03
135493679,5048750003045808,071282945654,80015654,80015654 COLLENBAWN T  COLLENBAWN     ZW,0,Goods and services,Not sufficient funds,2020-07-12 18:28:49
135493620,5048750003045808,071282935654,80015654,80015654 COLLENBAWN T  COLLENBAWN     ZW,0,Goods and services,Not sufficient funds,2020-07-12 18:27:56
135493563,910012263771764443,071282925654,80015654,80015654 COLLENBAWN T  COLLENBAWN     ZW,45,Goods and services,Approved or completed successfully,2020-07-12 18:27:07
135493515,910012263778491408,071282915654,80015654,80015654 COLLENBAWN T  COLLENBAWN     ZW,45,Goods and services,Approved or completed successfully,2020-07-12 18:26:18
135493175,5893991366266434,071282905654,80015654,80015654 COLLENBAWN T  COLLENBAWN     ZW,225,Goods and services,Approved or completed successfully,2020-07-12 18:21:18
135493122,6017049000424122,071282895654,80015654,80015654 COLLENBAWN T  COLLENBAWN     ZW,45,Goods and services,Approved or completed successfully,2020-07-12 18:20:23
135492837,6391360800420525,071282885654,80015654,80015654 COLLENBAWN T  COLLENBAWN     ZW,225,Goods and services,Approved or completed successfully,2020-07-12 18:16:02
135492455,910012263776531980,071282875654,80015654,80015654 COLLENBAWN T  COLLENBAWN     ZW,45,Goods and services,Approved or completed successfully,2020-07-12 18:10:43
135492398,910012263777631367,071282865654,80015654,80015654 COLLENBAWN T  COLLENBAWN     ZW,70,Goods and services,Approved or completed successfully,2020-07-12 18:09:59
135492038,910012263775452277,071282855654,80015654,80015654 COLLENBAWN T  COLLENBAWN     ZW,45,Goods and services,Approved or completed successfully,2020-07-12 18:04:38
135491966,910012263773409869,071282845654,80015654,80015654 COLLENBAWN T  COLLENBAWN     ZW,45,Goods and services,Approved or completed successfully,2020-07-12 18:03:49
135491874,910012263772528786,071282835654,80015654,80015654 COLLENBAWN T  COLLENBAWN     ZW,45,Goods and services,Approved or completed successfully,2020-07-12 18:02:17
135491837,910012263786214346,071282825654,80015654,80015654 COLLENBAWN T  COLLENBAWN     ZW,45,Goods and services,Approved or completed successfully,2020-07-12 18:01:37
135491761,910012263773269597,071282815654,80015654,80015654 COLLENBAWN T  COLLENBAWN     ZW,45,Goods and services,Approved or completed successfully,2020-07-12 18:00:29
135491706,5890030075092999122,071282805654,80015654,80015654 COLLENBAWN T  COLLENBAWN     ZW,45,Goods and services,Approved or completed successfully,2020-07-12 17:59:41
135491479,5888925010857625,071282795654,80015654,80015654 COLLENBAWN T  COLLENBAWN     ZW,115,Goods and services,Approved or completed successfully,2020-07-12 17:55:54
135491402,5888925011702267,071282785654,80015654,80015654 COLLENBAWN T  COLLENBAWN     ZW,45,Goods and services,Approved or completed successfully,2020-07-12 17:54:41
135491351,4531930200184669,071282775654,80015654,80015654 COLLENBAWN T  COLLENBAWN     ZW,115,Goods and services,Approved or completed successfully,2020-07-12 17:53:52
135488565,5890030075551119949,071282765654,80015654,80015654 COLLENBAWN T  COLLENBAWN     ZW,45,Goods and services,Approved or completed successfully,2020-07-12 17:11:51
135488262,910012263785035313,071282755654,80015654,80015654 COLLENBAWN T  COLLENBAWN     ZW,45,Goods and services,Approved or completed successfully,2020-07-12 17:07:45
135488020,5890030075101368483,071282745654,80015654,80015654 COLLENBAWN T  COLLENBAWN     ZW,45,Goods and services,Approved or completed successfully,2020-07-12 17:04:36
135487978,5890030075102693905,071282735654,80015654,80015654 COLLENBAWN T  COLLENBAWN     ZW,45,Goods and services,Approved or completed successfully,2020-07-12 17:04:06
135487818,6012376305000366219,071282725654,80015654,80015654 COLLENBAWN T  COLLENBAWN     ZW,45,Goods and services,Approved or completed successfully,2020-07-12 17:01:54
135487629,910012263771458252,071282715654,80015654,80015654 COLLENBAWN T  COLLENBAWN     ZW,45,Goods and services,Approved or completed successfully,2020-07-12 16:59:29
135487511,5893993352247337,071282705654,80015654,80015654 COLLENBAWN T  COLLENBAWN     ZW,225,Goods and services,Approved or completed successfully,2020-07-12 16:57:43
135487386,4531930020196851,071282695654,80015654,80015654 COLLENBAWN T  COLLENBAWN     ZW,45,Goods and services,Approved or completed successfully,2020-07-12 16:55:58
135487327,910012263773377812,071282685654,80015654,80015654 COLLENBAWN T  COLLENBAWN     ZW,45,Goods and services,Approved or completed successfully,2020-07-12 16:55:04
135487252,910012263773715889,071282675654,80015654,80015654 COLLENBAWN T  COLLENBAWN     ZW,45,Goods and services,Approved or completed successfully,2020-07-12 16:54:04
135487203,5890030075090423349,071282665654,80015654,80015654 COLLENBAWN T  COLLENBAWN     ZW,45,Goods and services,Approved or completed successfully,2020-07-12 16:53:22
135484561,5890030075552882271,071282655654,80015654,80015654 COLLENBAWN T  COLLENBAWN     ZW,45,Goods and services,Approved or completed successfully,2020-07-12 16:23:35
135484426,8926301005969940,071282645654,80015654,80015654 COLLENBAWN T  COLLENBAWN     ZW,45,Goods and services,Approved or completed successfully,2020-07-12 16:21:52
135484359,4069301005002235,071282635654,80015654,80015654 COLLENBAWN T  COLLENBAWN     ZW,45,Goods and services,Approved or completed successfully,2020-07-12 16:21:07
135484275,910012263775661993,071282625654,80015654,80015654 COLLENBAWN T  COLLENBAWN     ZW,45,Goods and services,Approved or completed successfully,2020-07-12 16:20:16
135484202,910012263779479275,071282615654,80015654,80015654 COLLENBAWN T  COLLENBAWN     ZW,45,Goods and services,Approved or completed successfully,2020-07-12 16:19:22
135484071,5890032325090058308,071282605654,80015654,80015654 COLLENBAWN T  COLLENBAWN     ZW,45,Goods and services,Approved or completed successfully,2020-07-12 16:17:54
135483845,5021958884203681,071282595654,80015654,80015654 COLLENBAWN T  COLLENBAWN     ZW,45,Goods and services,Approved or completed successfully,2020-07-12 16:15:25
135482965,5890030075093000169,071282585654,80015654,80015654 COLLENBAWN T  COLLENBAWN     ZW,45,Goods and services,Approved or completed successfully,2020-07-12 16:06:31
135482854,910012263776277880,071282575654,80015654,80015654 COLLENBAWN T  COLLENBAWN     ZW,45,Goods and services,Approved or completed successfully,2020-07-12 16:05:24
135482542,910012263779425161,071282565654,80015654,80015654 COLLENBAWN T  COLLENBAWN     ZW,45,Goods and services,Approved or completed successfully,2020-07-12 16:02:07
135482457,4204561060262166,071282555654,80015654,80015654 COLLENBAWN T  COLLENBAWN     ZW,0,Goods and services,Refer to card issuer,2020-07-12 16:01:21
135482351,4204561060262166,071282545654,80015654,80015654 COLLENBAWN T  COLLENBAWN     ZW,0,Goods and services,Refer to card issuer,2020-07-12 16:00:12
135481940,910012263784087666,071282535654,80015654,80015654 COLLENBAWN T  COLLENBAWN     ZW,45,Goods and services,Approved or completed successfully,2020-07-12 15:55:43
135480689,910012263776229463,071282525654,80015654,80015654 COLLENBAWN T  COLLENBAWN     ZW,45,Goods and services,Approved or completed successfully,2020-07-12 15:42:38
135479385,5048750000368140,071282515654,80015654,80015654 COLLENBAWN T  COLLENBAWN     ZW,45,Goods and services,Approved or completed successfully,2020-07-12 15:28:48
135479102,910012263778417757,071282505654,80015654,80015654 COLLENBAWN T  COLLENBAWN     ZW,45,Goods and services,Approved or completed successfully,2020-07-12 15:26:01
135477517,910012263774002265,071282495654,80015654,80015654 COLLENBAWN T  COLLENBAWN     ZW,45,Goods and services,Approved or completed successfully,2020-07-12 15:09:03
135477418,5021958101464926,071282485654,80015654,80015654 COLLENBAWN T  COLLENBAWN     ZW,90,Goods and services,Approved or completed successfully,2020-07-12 15:07:46
135477136,6017049000423413,071282475654,80015654,80015654 COLLENBAWN T  COLLENBAWN     ZW,45,Goods and services,Approved or completed successfully,2020-07-12 15:04:44
135476664,910012263772765987,071282465654,80015654,80015654 COLLENBAWN T  COLLENBAWN     ZW,45,Goods and services,Approved or completed successfully,2020-07-12 14:59:59
135476248,5439480025550013370,071282455654,80015654,80015654 COLLENBAWN T  COLLENBAWN     ZW,45,Goods and services,Approved or completed successfully,2020-07-12 14:55:32
135475998,910012263777957636,071282445654,80015654,80015654 COLLENBAWN T  COLLENBAWN     ZW,45,Goods and services,Approved or completed successfully,2020-07-12 14:53:04
135475570,8926301005616038,071282435654,80015654,80015654 COLLENBAWN T  COLLENBAWN     ZW,45,Goods and services,Approved or completed successfully,2020-07-12 14:49:01
135475439,8926301007651470,071282425654,80015654,80015654 COLLENBAWN T  COLLENBAWN     ZW,0,Goods and services,Incorrect PIN,2020-07-12 14:47:40
135475350,910012263772518720,071282415654,80015654,80015654 COLLENBAWN T  COLLENBAWN     ZW,45,Goods and services,Approved or completed successfully,2020-07-12 14:46:38
135467863,5439480025550013370,071282405654,80015654,80015654 COLLENBAWN T  COLLENBAWN     ZW,45,Goods and services,Approved or completed successfully,2020-07-12 13:28:45
135467567,910012263773535005,071282395654,80015654,80015654 COLLENBAWN T  COLLENBAWN     ZW,45,Goods and services,Approved or completed successfully,2020-07-12 13:25:48
135467471,5890030075103065939,071282385654,80015654,80015654 COLLENBAWN T  COLLENBAWN     ZW,45,Goods and services,Approved or completed successfully,2020-07-12 13:24:58
135467047,4531930200252821,071282375654,80015654,80015654 COLLENBAWN T  COLLENBAWN     ZW,45,Goods and services,Approved or completed successfully,2020-07-12 13:19:46
135465637,910012263777108313,071282365654,80015654,80015654 COLLENBAWN T  COLLENBAWN     ZW,45,Goods and services,Approved or completed successfully,2020-07-12 13:05:10
135462096,5048750001783384,071282355654,80015654,80015654 COLLENBAWN T  COLLENBAWN     ZW,0,Goods and services,Not sufficient funds,2020-07-12 12:27:38
135461808,910012263774790421,071282345654,80015654,80015654 COLLENBAWN T  COLLENBAWN     ZW,45,Goods and services,Approved or completed successfully,2020-07-12 12:25:02
135461243,5890030075102693905,071282335654,80015654,80015654 COLLENBAWN T  COLLENBAWN     ZW,45,Goods and services,Approved or completed successfully,2020-07-12 12:19:01
135460824,910012263772775710,071282325654,80015654,80015654 COLLENBAWN T  COLLENBAWN     ZW,45,Goods and services,Approved or completed successfully,2020-07-12 12:14:09
135460654,4069301005002235,071282315654,80015654,80015654 COLLENBAWN T  COLLENBAWN     ZW,45,Goods and services,Approved or completed successfully,2020-07-12 12:12:25
135460119,5888925013050103,071282305654,80015654,80015654 COLLENBAWN T  COLLENBAWN     ZW,45,Goods and services,Approved or completed successfully,2020-07-12 12:06:32
135460029,6017049000438791,071282295654,80015654,80015654 COLLENBAWN T  COLLENBAWN     ZW,45,Goods and services,Approved or completed successfully,2020-07-12 12:05:43
135458837,910012263772969588,071282285654,80015654,80015654 COLLENBAWN T  COLLENBAWN     ZW,0,Goods and services,Refer to card issuer,2020-07-12 11:52:16
135458811,5890030075102694317,071282275654,80015654,80015654 COLLENBAWN T  COLLENBAWN     ZW,0,Goods and services,Not sufficient funds,2020-07-12 11:51:50
135458769,4445794001619363,071282265654,80015654,80015654 COLLENBAWN T  COLLENBAWN     ZW,0,Goods and services,Not sufficient funds,2020-07-12 11:51:26
135457413,5048756000209100,071282255654,80015654,80015654 COLLENBAWN T  COLLENBAWN     ZW,45,Goods and services,Approved or completed successfully,2020-07-12 11:35:57
135457384,5048756000209100,071282255654,80015654,80015654 COLLENBAWN T  COLLENBAWN     ZW,0,Goods and services,Incorrect PIN,2020-07-12 11:35:37
135457191,6012376114000328488,071282245654,80015654,80015654 COLLENBAWN T  COLLENBAWN     ZW,90,Goods and services,Approved or completed successfully,2020-07-12 11:33:29
135457108,5021950006376487,071282235654,80015654,80015654 COLLENBAWN T  COLLENBAWN     ZW,45,Goods and services,Approved or completed successfully,2020-07-12 11:32:34
135456738,910012263775193989,071282225654,80015654,80015654 COLLENBAWN T  COLLENBAWN     ZW,45,Goods and services,Approved or completed successfully,2020-07-12 11:28:22
135456672,910012263774730713,071282215654,80015654,80015654 COLLENBAWN T  COLLENBAWN     ZW,45,Goods and services,Approved or completed successfully,2020-07-12 11:27:38
135456637,5049929000202830,071282205654,80015654,80015654 COLLENBAWN T  COLLENBAWN     ZW,0,Goods and services,Not sufficient funds,2020-07-12 11:27:08
135456529,910012263772788191,071282195654,80015654,80015654 COLLENBAWN T  COLLENBAWN     ZW,45,Goods and services,Approved or completed successfully,2020-07-12 11:25:53
135456391,910012263772288191,071282185654,80015654,80015654 COLLENBAWN T  COLLENBAWN     ZW,0,Goods and services,Issuer or switch inoperative,2020-07-12 11:24:29
135455815,5888925040356762,071282165654,80015654,80015654 COLLENBAWN T  COLLENBAWN     ZW,45,Goods and services,Approved or completed successfully,2020-07-12 11:18:16
135455230,910012263772518720,071282155654,80015654,80015654 COLLENBAWN T  COLLENBAWN     ZW,45,Goods and services,Approved or completed successfully,2020-07-12 11:11:30
135454833,910012263777979422,071282145654,80015654,80015654 COLLENBAWN T  COLLENBAWN     ZW,45,Goods and services,Approved or completed successfully,2020-07-12 11:07:18
135454765,5890030071570987093,071282135654,80015654,80015654 COLLENBAWN T  COLLENBAWN     ZW,45,Goods and services,Approved or completed successfully,2020-07-12 11:06:33
135453326,910012263779479275,071282125654,80015654,80015654 COLLENBAWN T  COLLENBAWN     ZW,45,Goods and services,Approved or completed successfully,2020-07-12 10:50:18
135453216,910012263772447802,071282115654,80015654,80015654 COLLENBAWN T  COLLENBAWN     ZW,45,Goods and services,Approved or completed successfully,2020-07-12 10:49:02
135452375,910012263782089571,071282105654,80015654,80015654 COLLENBAWN T  COLLENBAWN     ZW,0,Goods and services,Issuer or switch inoperative,2020-07-12 10:40:04
135452000,6391366000017565,071282095654,80015654,80015654 COLLENBAWN T  COLLENBAWN     ZW,45,Goods and services,Approved or completed successfully,2020-07-12 10:36:00
135451582,910012263784163200,071282085654,80015654,80015654 COLLENBAWN T  COLLENBAWN     ZW,45,Goods and services,Approved or completed successfully,2020-07-12 10:31:45
135451221,5049870052420070,071282075654,80015654,80015654 COLLENBAWN T  COLLENBAWN     ZW,225,Goods and services,Approved or completed successfully,2020-07-12 10:28:04
135450699,5048750003045808,071282055654,80015654,80015654 COLLENBAWN T  COLLENBAWN     ZW,0,Goods and services,Not sufficient funds,2020-07-12 10:22:40
135448911,5048750001326382,071282045654,80015654,80015654 COLLENBAWN T  COLLENBAWN     ZW,45,Goods and services,Approved or completed successfully,2020-07-12 10:04:20
135448786,910012263773485569,071282035654,80015654,80015654 COLLENBAWN T  COLLENBAWN     ZW,45,Goods and services,Approved or completed successfully,2020-07-12 10:02:56
135444725,910012263772617198,071282025654,80015654,80015654 COLLENBAWN T  COLLENBAWN     ZW,45,Goods and services,Approved or completed successfully,2020-07-12 09:15:16
135443531,910012263773635798,071282015654,80015654,80015654 COLLENBAWN T  COLLENBAWN     ZW,45,Goods and services,Approved or completed successfully,2020-07-12 09:01:02
135438833,910012263772851409,071282005654,80015654,80015654 COLLENBAWN T  COLLENBAWN     ZW,45,Goods and services,Approved or completed successfully,2020-07-12 07:48:34
135438783,910012263772851409,071281995654,80015654,80015654 COLLENBAWN T  COLLENBAWN     ZW,0,Goods and services,Issuer or switch inoperative,2020-07-12 07:47:36
135438388,910012263772801230,071281985654,80015654,80015654 COLLENBAWN T  COLLENBAWN     ZW,45,Goods and services,Approved or completed successfully,2020-07-12 07:39:50
135437764,910012263777108313,071281975654,80015654,80015654 COLLENBAWN T  COLLENBAWN     ZW,45,Goods and services,Approved or completed successfully,2020-07-12 07:25:31
135437616,5048750000103378,071281965654,80015654,80015654 COLLENBAWN T  COLLENBAWN     ZW,45,Goods and services,Approved or completed successfully,2020-07-12 07:21:46
135436970,910012263772348912,071281955654,80015654,80015654 COLLENBAWN T  COLLENBAWN     ZW,45,Goods and services,Approved or completed successfully,2020-07-12 07:04:47
135436931,910012263778280579,071281945654,80015654,80015654 COLLENBAWN T  COLLENBAWN     ZW,0,Goods and services,Issuer or switch inoperative,2020-07-12 07:03:45
135436635,5893994412182233,071281935654,80015654,80015654 COLLENBAWN T  COLLENBAWN     ZW,45,Goods and services,Approved or completed successfully,2020-07-12 06:55:28
135435892,6391362001132313,071281925654,80015654,80015654 COLLENBAWN T  COLLENBAWN     ZW,225,Goods and services,Approved or completed successfully,2020-07-12 06:34:28
135435391,4069091024000415,071281915654,80015654,80015654 COLLENBAWN T  COLLENBAWN     ZW,45,Goods and services,Approved or completed successfully,2020-07-12 06:11:54
135432298,910012263776089202,071181905654,80015654,80015654 COLLENBAWN T  COLLENBAWN     ZW,45,Goods and services,Approved or completed successfully,2020-07-11 22:04:24
135432293,910012263772788191,071181895654,80015654,80015654 COLLENBAWN T  COLLENBAWN     ZW,45,Goods and services,Approved or completed successfully,2020-07-11 22:03:39
135432219,5021950006137822,071181885654,80015654,80015654 COLLENBAWN T  COLLENBAWN     ZW,70,Goods and services,Approved or completed successfully,2020-07-11 21:58:11
135432189,910012263773432982,071181875654,80015654,80015654 COLLENBAWN T  COLLENBAWN     ZW,45,Goods and services,Approved or completed successfully,2020-07-11 21:56:00
135432016,5890030076300992867,071181865654,80015654,80015654 COLLENBAWN T  COLLENBAWN     ZW,45,Goods and services,Approved or completed successfully,2020-07-11 21:47:22
135431989,910012263773054987,071181855654,80015654,80015654 COLLENBAWN T  COLLENBAWN     ZW,45,Goods and services,Approved or completed successfully,2020-07-11 21:45:51
135431873,910012263778704826,071181845654,80015654,80015654 COLLENBAWN T  COLLENBAWN     ZW,45,Goods and services,Approved or completed successfully,2020-07-11 21:39:58
135431659,910012263777135280,071181835654,80015654,80015654 COLLENBAWN T  COLLENBAWN     ZW,45,Goods and services,Approved or completed successfully,2020-07-11 21:31:43
135431482,910012263782241821,071181825654,80015654,80015654 COLLENBAWN T  COLLENBAWN     ZW,45,Goods and services,Approved or completed successfully,2020-07-11 21:25:25
135431405,6391360800705297,071181815654,80015654,80015654 COLLENBAWN T  COLLENBAWN     ZW,90,Goods and services,Approved or completed successfully,2020-07-11 21:22:17
135431318,910012263772470156,071181795654,80015654,80015654 COLLENBAWN T  COLLENBAWN     ZW,45,Goods and services,Approved or completed successfully,2020-07-11 21:18:36
135430704,4531930200184669,071181785654,80015654,80015654 COLLENBAWN T  COLLENBAWN     ZW,115,Goods and services,Approved or completed successfully,2020-07-11 20:58:30
135430360,4531930200317780,071181775654,80015654,80015654 COLLENBAWN T  COLLENBAWN     ZW,45,Goods and services,Approved or completed successfully,2020-07-11 20:49:30
135428999,910012263773457317,071181765654,80015654,80015654 COLLENBAWN T  COLLENBAWN     ZW,45,Goods and services,Approved or completed successfully,2020-07-11 20:18:31
135428255,5048756000209100,071181755654,80015654,80015654 COLLENBAWN T  COLLENBAWN     ZW,45,Goods and services,Approved or completed successfully,2020-07-11 20:04:08
135428178,5049870031381740,071181745654,80015654,80015654 COLLENBAWN T  COLLENBAWN     ZW,45,Goods and services,Approved or completed successfully,2020-07-11 20:02:15
135428020,910012263771730626,071181735654,80015654,80015654 COLLENBAWN T  COLLENBAWN     ZW,45,Goods and services,Approved or completed successfully,2020-07-11 19:59:33
135427957,910012263773267010,071181725654,80015654,80015654 COLLENBAWN T  COLLENBAWN     ZW,45,Goods and services,Approved or completed successfully,2020-07-11 19:58:15
135427903,910012263778747168,071181715654,80015654,80015654 COLLENBAWN T  COLLENBAWN     ZW,45,Goods and services,Approved or completed successfully,2020-07-11 19:57:15
135427742,910012263774934677,071181705654,80015654,80015654 COLLENBAWN T  COLLENBAWN     ZW,45,Goods and services,Approved or completed successfully,2020-07-11 19:54:01
135427662,4445794001660136,071181695654,80015654,80015654 COLLENBAWN T  COLLENBAWN     ZW,45,Goods and services,Approved or completed successfully,2020-07-11 19:52:32
135426742,4531930020238588,071181685654,80015654,80015654 COLLENBAWN T  COLLENBAWN     ZW,45,Goods and services,Approved or completed successfully,2020-07-11 19:37:06
135425863,5028108330731873,071181675654,80015654,80015654 COLLENBAWN T  COLLENBAWN     ZW,45,Goods and services,Approved or completed successfully,2020-07-11 19:23:48
135425659,910012263775939827,071181665654,80015654,80015654 COLLENBAWN T  COLLENBAWN     ZW,45,Goods and services,Approved or completed successfully,2020-07-11 19:21:02
135425570,5021950001285410,071181655654,80015654,80015654 COLLENBAWN T  COLLENBAWN     ZW,135,Goods and services,Approved or completed successfully,2020-07-11 19:19:38
135424792,910012263772788191,071181645654,80015654,80015654 COLLENBAWN T  COLLENBAWN     ZW,45,Goods and services,Approved or completed successfully,2020-07-11 19:06:38
135424467,910012263784054080,071181635654,80015654,80015654 COLLENBAWN T  COLLENBAWN     ZW,45,Goods and services,Approved or completed successfully,2020-07-11 19:01:28
135424085,910012263776411093,071181625654,80015654,80015654 COLLENBAWN T  COLLENBAWN     ZW,45,Goods and services,Approved or completed successfully,2020-07-11 18:55:54
135423880,910012263775488053,071181615654,80015654,80015654 COLLENBAWN T  COLLENBAWN     ZW,45,Goods and services,Approved or completed successfully,2020-07-11 18:52:45
135423499,910012263772429435,071181605654,80015654,80015654 COLLENBAWN T  COLLENBAWN     ZW,45,Goods and services,Approved or completed successfully,2020-07-11 18:47:30
135423431,5890030075100694988,071181595654,80015654,80015654 COLLENBAWN T  COLLENBAWN     ZW,45,Goods and services,Approved or completed successfully,2020-07-11 18:46:13
135423253,6017041002194860,071181585654,80015654,80015654 COLLENBAWN T  COLLENBAWN     ZW,45,Goods and services,Approved or completed successfully,2020-07-11 18:43:49
135422943,910012263783351914,071181575654,80015654,80015654 COLLENBAWN T  COLLENBAWN     ZW,45,Goods and services,Approved or completed successfully,2020-07-11 18:39:31
135422874,4069091003099040,071181565654,80015654,80015654 COLLENBAWN T  COLLENBAWN     ZW,45,Goods and services,Approved or completed successfully,2020-07-11 18:38:42
135422449,5890030075553091211,071181555654,80015654,80015654 COLLENBAWN T  COLLENBAWN     ZW,45,Goods and services,Approved or completed successfully,2020-07-11 18:33:38
135422012,6391360800700322,071181545654,80015654,80015654 COLLENBAWN T  COLLENBAWN     ZW,45,Goods and services,Approved or completed successfully,2020-07-11 18:27:44
135421705,910012263772967632,071181535654,80015654,80015654 COLLENBAWN T  COLLENBAWN     ZW,45,Goods and services,Approved or completed successfully,2020-07-11 18:23:54
135421642,910012263773269597,071181525654,80015654,80015654 COLLENBAWN T  COLLENBAWN     ZW,45,Goods and services,Approved or completed successfully,2020-07-11 18:23:01
135421006,910012263775957979,071181515654,80015654,80015654 COLLENBAWN T  COLLENBAWN     ZW,45,Goods and services,Approved or completed successfully,2020-07-11 18:14:42
135420939,910012263779748147,071181505654,80015654,80015654 COLLENBAWN T  COLLENBAWN     ZW,45,Goods and services,Approved or completed successfully,2020-07-11 18:13:46
135420888,910012263779748147,071181495654,80015654,80015654 COLLENBAWN T  COLLENBAWN     ZW,0,Goods and services,Refer to card issuer,2020-07-11 18:13:12
135420818,5890030075552689346,071181485654,80015654,80015654 COLLENBAWN T  COLLENBAWN     ZW,45,Goods and services,Approved or completed successfully,2020-07-11 18:12:32
135420804,5890030075552689346,071181485654,80015654,80015654 COLLENBAWN T  COLLENBAWN     ZW,0,Goods and services,Incorrect PIN,2020-07-11 18:12:21
135420446,910012263777979422,071181475654,80015654,80015654 COLLENBAWN T  COLLENBAWN     ZW,45,Goods and services,Approved or completed successfully,2020-07-11 18:08:20
135420360,910012263772784166,071181465654,80015654,80015654 COLLENBAWN T  COLLENBAWN     ZW,45,Goods and services,Approved or completed successfully,2020-07-11 18:07:10
135407559,5890032325090058308,071181455654,80015654,80015654 COLLENBAWN T  COLLENBAWN     ZW,45,Goods and services,Approved or completed successfully,2020-07-11 15:56:48
135407428,910012263776537512,071181445654,80015654,80015654 COLLENBAWN T  COLLENBAWN     ZW,0,Goods and services,Issuer or switch inoperative,2020-07-11 15:55:45
135404642,5021958884237986,071181435654,80015654,80015654 COLLENBAWN T  COLLENBAWN     ZW,45,Goods and services,Approved or completed successfully,2020-07-11 15:34:19
135403682,5890030075090612313,071181425654,80015654,80015654 COLLENBAWN T  COLLENBAWN     ZW,45,Goods and services,Approved or completed successfully,2020-07-11 15:26:28
135403442,6012376302000383633,071181415654,80015654,80015654 COLLENBAWN T  COLLENBAWN     ZW,45,Goods and services,Approved or completed successfully,2020-07-11 15:24:38
135403205,910012263784075922,071181405654,80015654,80015654 COLLENBAWN T  COLLENBAWN     ZW,45,Goods and services,Approved or completed successfully,2020-07-11 15:22:41
135402981,910012263772814256,071181395654,80015654,80015654 COLLENBAWN T  COLLENBAWN     ZW,45,Goods and services,Approved or completed successfully,2020-07-11 15:20:52
135400467,910012263778417757,071181385654,80015654,80015654 COLLENBAWN T  COLLENBAWN     ZW,450,Goods and services,Approved or completed successfully,2020-07-11 15:01:46
135400029,910012263772402422,071181375654,80015654,80015654 COLLENBAWN T  COLLENBAWN     ZW,45,Goods and services,Approved or completed successfully,2020-07-11 14:58:29
135318227,6012376525000328527,071081365654,80015654,80015654 COLLENBAWN T  COLLENBAWN     ZW,45,Goods and services,Approved or completed successfully,2020-07-10 18:01:18
135316718,910012263772674172,071081355654,80015654,80015654 COLLENBAWN T  COLLENBAWN     ZW,45,Goods and services,Approved or completed successfully,2020-07-10 17:46:34
135316415,6012376525000339680,071081345654,80015654,80015654 COLLENBAWN T  COLLENBAWN     ZW,45,Goods and services,Approved or completed successfully,2020-07-10 17:43:42
135316314,5021958883114491,071081335654,80015654,80015654 COLLENBAWN T  COLLENBAWN     ZW,115,Goods and services,Approved or completed successfully,2020-07-10 17:42:45
135316210,5888925012367656,071081325654,80015654,80015654 COLLENBAWN T  COLLENBAWN     ZW,90,Goods and services,Approved or completed successfully,2020-07-10 17:41:52
135315678,910012263777957636,071081315654,80015654,80015654 COLLENBAWN T  COLLENBAWN     ZW,45,Goods and services,Approved or completed successfully,2020-07-10 17:37:37
135315611,910012263787265032,071081305654,80015654,80015654 COLLENBAWN T  COLLENBAWN     ZW,45,Goods and services,Approved or completed successfully,2020-07-10 17:36:53
135315290,6017049000462403,071081295654,80015654,80015654 COLLENBAWN T  COLLENBAWN     ZW,45,Goods and services,Approved or completed successfully,2020-07-10 17:34:05
135315090,6012376525000335126,071081285654,80015654,80015654 COLLENBAWN T  COLLENBAWN     ZW,45,Goods and services,Approved or completed successfully,2020-07-10 17:32:30
135314875,8000004502313310,071081275654,80015654,80015654 COLLENBAWN T  COLLENBAWN     ZW,45,Goods and services,Approved or completed successfully,2020-07-10 17:30:41
135314777,5888923005713804,071081265654,80015654,80015654 COLLENBAWN T  COLLENBAWN     ZW,45,Goods and services,Approved or completed successfully,2020-07-10 17:29:53
135314544,8000004504223004,071081255654,80015654,80015654 COLLENBAWN T  COLLENBAWN     ZW,45,Goods and services,Approved or completed successfully,2020-07-10 17:27:50
135314074,910012263772970655,071081245654,80015654,80015654 COLLENBAWN T  COLLENBAWN     ZW,45,Goods and services,Approved or completed successfully,2020-07-10 17:23:51
135313747,910012263772460878,071081235654,80015654,80015654 COLLENBAWN T  COLLENBAWN     ZW,115,Goods and services,Approved or completed successfully,2020-07-10 17:20:50
135313532,4445794001726838,071081225654,80015654,80015654 COLLENBAWN T  COLLENBAWN     ZW,45,Goods and services,Approved or completed successfully,2020-07-10 17:18:54
135313492,4445794001726838,071081225654,80015654,80015654 COLLENBAWN T  COLLENBAWN     ZW,0,Goods and services,Incorrect PIN,2020-07-10 17:18:37
135313100,5048750003045808,071081215654,80015654,80015654 COLLENBAWN T  COLLENBAWN     ZW,45,Goods and services,Approved or completed successfully,2020-07-10 17:15:43
135312601,910012263774377611,071081205654,80015654,80015654 COLLENBAWN T  COLLENBAWN     ZW,45,Goods and services,Approved or completed successfully,2020-07-10 17:11:44
135312439,5890030075371325213,071081195654,80015654,80015654 COLLENBAWN T  COLLENBAWN     ZW,45,Goods and services,Approved or completed successfully,2020-07-10 17:10:37
135310838,910012263772755710,071081185654,80015654,80015654 COLLENBAWN T  COLLENBAWN     ZW,45,Goods and services,Approved or completed successfully,2020-07-10 16:58:34
135310627,910012263772674172,071081175654,80015654,80015654 COLLENBAWN T  COLLENBAWN     ZW,45,Goods and services,Approved or completed successfully,2020-07-10 16:56:36
135310508,910012263782537083,071081165654,80015654,80015654 COLLENBAWN T  COLLENBAWN     ZW,45,Goods and services,Approved or completed successfully,2020-07-10 16:55:44
135310283,910012263773003233,071081155654,80015654,80015654 COLLENBAWN T  COLLENBAWN     ZW,45,Goods and services,Approved or completed successfully,2020-07-10 16:53:58
135309759,5048750000100929,071081145654,80015654,80015654 COLLENBAWN T  COLLENBAWN     ZW,45,Goods and services,Approved or completed successfully,2020-07-10 16:49:48
135309464,6012376111000363143,071081135654,80015654,80015654 COLLENBAWN T  COLLENBAWN     ZW,45,Goods and services,Approved or completed successfully,2020-07-10 16:47:40
135309120,910012263772454440,071081125654,80015654,80015654 COLLENBAWN T  COLLENBAWN     ZW,45,Goods and services,Approved or completed successfully,2020-07-10 16:45:25
135308923,4531930020170534,071081115654,80015654,80015654 COLLENBAWN T  COLLENBAWN     ZW,45,Goods and services,Approved or completed successfully,2020-07-10 16:44:08
135307735,5049929000265878,071081105654,80015654,80015654 COLLENBAWN T  COLLENBAWN     ZW,45,Goods and services,Approved or completed successfully,2020-07-10 16:36:49
135306356,6012376525000335126,071081095654,80015654,80015654 COLLENBAWN T  COLLENBAWN     ZW,45,Goods and services,Approved or completed successfully,2020-07-10 16:28:56
135302353,910012263772447802,071081085654,80015654,80015654 COLLENBAWN T  COLLENBAWN     ZW,45,Goods and services,Approved or completed successfully,2020-07-10 16:07:23
135301703,6017049000436845,071081075654,80015654,80015654 COLLENBAWN T  COLLENBAWN     ZW,45,Goods and services,Approved or completed successfully,2020-07-10 16:03:47
135300433,910012263772699297,071081065654,80015654,80015654 COLLENBAWN T  COLLENBAWN     ZW,45,Goods and services,Approved or completed successfully,2020-07-10 15:57:31
135300242,910012263772396157,071081055654,80015654,80015654 COLLENBAWN T  COLLENBAWN     ZW,45,Goods and services,Approved or completed successfully,2020-07-10 15:56:37
135299881,5048750000368140,071081045654,80015654,80015654 COLLENBAWN T  COLLENBAWN     ZW,45,Goods and services,Approved or completed successfully,2020-07-10 15:54:56
135297995,5890030075092520340,071081035654,80015654,80015654 COLLENBAWN T  COLLENBAWN     ZW,45,Goods and services,Approved or completed successfully,2020-07-10 15:47:48
135297782,6012376305000354546,071081025654,80015654,80015654 COLLENBAWN T  COLLENBAWN     ZW,45,Goods and services,Approved or completed successfully,2020-07-10 15:46:47
135244355,6012376513000324449,071081015654,80015654,80015654 COLLENBAWN T  COLLENBAWN     ZW,45,Goods and services,Approved or completed successfully,2020-07-10 11:11:33
135242502,910012263772818575,071081005654,80015654,80015654 COLLENBAWN T  COLLENBAWN     ZW,45,Goods and services,Approved or completed successfully,2020-07-10 11:00:49
135242277,910012263772970655,071080995654,80015654,80015654 COLLENBAWN T  COLLENBAWN     ZW,45,Goods and services,Approved or completed successfully,2020-07-10 10:59:40
135241878,910012263772970655,071080985654,80015654,80015654 COLLENBAWN T  COLLENBAWN     ZW,0,Goods and services,Issuer or switch inoperative,2020-07-10 10:57:20
135241575,910012263772970655,071080975654,80015654,80015654 COLLENBAWN T  COLLENBAWN     ZW,0,Goods and services,Issuer or switch inoperative,2020-07-10 10:55:33
135241221,910012263772970655,071080965654,80015654,80015654 COLLENBAWN T  COLLENBAWN     ZW,0,Goods and services,Issuer or switch inoperative,2020-07-10 10:53:35
135241011,910012263772970655,071080955654,80015654,80015654 COLLENBAWN T  COLLENBAWN     ZW,0,Goods and services,Issuer or switch inoperative,2020-07-10 10:52:27
135240855,910012263772970655,071080945654,80015654,80015654 COLLENBAWN T  COLLENBAWN     ZW,0,Goods and services,Issuer or switch inoperative,2020-07-10 10:51:25
135238276,910012263775940372,071080935654,80015654,80015654 COLLENBAWN T  COLLENBAWN     ZW,45,Goods and services,Approved or completed successfully,2020-07-10 10:36:55
135236066,910012263782354758,071080925654,80015654,80015654 COLLENBAWN T  COLLENBAWN     ZW,45,Goods and services,Approved or completed successfully,2020-07-10 10:24:09
135234860,910012263775102258,071080915654,80015654,80015654 COLLENBAWN T  COLLENBAWN     ZW,45,Goods and services,Approved or completed successfully,2020-07-10 10:17:15
135234695,5893991366266434,071080905654,80015654,80015654 COLLENBAWN T  COLLENBAWN     ZW,115,Goods and services,Approved or completed successfully,2020-07-10 10:16:19
135233639,6017049000436845,071080885654,80015654,80015654 COLLENBAWN T  COLLENBAWN     ZW,45,Goods and services,Approved or completed successfully,2020-07-10 10:10:26
135232682,5893991366266434,071080875654,80015654,80015654 COLLENBAWN T  COLLENBAWN     ZW,0,Goods and services,Not sufficient funds,2020-07-10 10:05:18
135232463,5893991366266434,071080865654,80015654,80015654 COLLENBAWN T  COLLENBAWN     ZW,0,Goods and services,Not sufficient funds,2020-07-10 10:03:54
135232262,910012263772671857,071080855654,80015654,80015654 COLLENBAWN T  COLLENBAWN     ZW,45,Goods and services,Approved or completed successfully,2020-07-10 10:02:38
135231084,910012263785035313,071080845654,80015654,80015654 COLLENBAWN T  COLLENBAWN     ZW,45,Goods and services,Approved or completed successfully,2020-07-10 09:55:13
135228926,910012263779630048,071080835654,80015654,80015654 COLLENBAWN T  COLLENBAWN     ZW,45,Goods and services,Approved or completed successfully,2020-07-10 09:41:56
135227435,910012263778679797,071080825654,80015654,80015654 COLLENBAWN T  COLLENBAWN     ZW,45,Goods and services,Approved or completed successfully,2020-07-10 09:32:21
135226754,6017049000631361,071080815654,80015654,80015654 COLLENBAWN T  COLLENBAWN     ZW,45,Goods and services,Approved or completed successfully,2020-07-10 09:27:59
135225290,6012376116000382936,071080805654,80015654,80015654 COLLENBAWN T  COLLENBAWN     ZW,45,Goods and services,Approved or completed successfully,2020-07-10 09:18:26
135224275,6012376513000349115,071080795654,80015654,80015654 COLLENBAWN T  COLLENBAWN     ZW,45,Goods and services,Approved or completed successfully,2020-07-10 09:12:39
135224117,910012263771200929,071080785654,80015654,80015654 COLLENBAWN T  COLLENBAWN     ZW,45,Goods and services,Approved or completed successfully,2020-07-10 09:11:38
135220862,5021957600352020,071080775654,80015654,80015654 COLLENBAWN T  COLLENBAWN     ZW,45,Goods and services,Approved or completed successfully,2020-07-10 08:48:21
135187402,910012263773719366,070980765654,80015654,80015654 COLLENBAWN T  COLLENBAWN     ZW,45,Goods and services,Approved or completed successfully,2020-07-09 17:51:02
135186849,6079950000427616,070980755654,80015654,80015654 COLLENBAWN T  COLLENBAWN     ZW,45,Goods and services,Approved or completed successfully,2020-07-09 17:45:44
135185996,910012263773503509,070980745654,80015654,80015654 COLLENBAWN T  COLLENBAWN     ZW,45,Goods and services,Approved or completed successfully,2020-07-09 17:37:57
135184600,8000004504577045,070980735654,80015654,80015654 COLLENBAWN T  COLLENBAWN     ZW,45,Goods and services,Approved or completed successfully,2020-07-09 17:26:45
135184455,910012263782871794,070980725654,80015654,80015654 COLLENBAWN T  COLLENBAWN     ZW,45,Goods and services,Approved or completed successfully,2020-07-09 17:25:48
135184171,910012263777979422,070980715654,80015654,80015654 COLLENBAWN T  COLLENBAWN     ZW,45,Goods and services,Approved or completed successfully,2020-07-09 17:24:00
135183756,910012263774377611,070980705654,80015654,80015654 COLLENBAWN T  COLLENBAWN     ZW,45,Goods and services,Approved or completed successfully,2020-07-09 17:21:08
135181768,5888925011853805,070980695654,80015654,80015654 COLLENBAWN T  COLLENBAWN     ZW,45,Goods and services,Approved or completed successfully,2020-07-09 17:07:55
135180760,910012263773496199,070980685654,80015654,80015654 COLLENBAWN T  COLLENBAWN     ZW,45,Goods and services,Approved or completed successfully,2020-07-09 17:01:50
135180275,910012263772929137,070980675654,80015654,80015654 COLLENBAWN T  COLLENBAWN     ZW,0,Goods and services,Refer to card issuer,2020-07-09 16:59:10
135180079,910012263775007877,070980665654,80015654,80015654 COLLENBAWN T  COLLENBAWN     ZW,115,Goods and services,Approved or completed successfully,2020-07-09 16:57:52
135179618,910012263772935124,070980655654,80015654,80015654 COLLENBAWN T  COLLENBAWN     ZW,45,Goods and services,Approved or completed successfully,2020-07-09 16:54:56
135178787,910012263775656610,070980645654,80015654,80015654 COLLENBAWN T  COLLENBAWN     ZW,90,Goods and services,Approved or completed successfully,2020-07-09 16:50:09
135178339,910012263776870334,070980635654,80015654,80015654 COLLENBAWN T  COLLENBAWN     ZW,45,Goods and services,Approved or completed successfully,2020-07-09 16:47:25
135177638,910012263772515371,070980625654,80015654,80015654 COLLENBAWN T  COLLENBAWN     ZW,45,Goods and services,Approved or completed successfully,2020-07-09 16:43:33
135177025,910012263772455122,070980615654,80015654,80015654 COLLENBAWN T  COLLENBAWN     ZW,45,Goods and services,Approved or completed successfully,2020-07-09 16:40:18
135176935,8000004503574589,070980605654,80015654,80015654 COLLENBAWN T  COLLENBAWN     ZW,45,Goods and services,Approved or completed successfully,2020-07-09 16:39:53
135176589,910012263777383188,070980575654,80015654,80015654 COLLENBAWN T  COLLENBAWN     ZW,45,Goods and services,Approved or completed successfully,2020-07-09 16:38:05
135176447,5049870031604166,070980565654,80015654,80015654 COLLENBAWN T  COLLENBAWN     ZW,45,Goods and services,Approved or completed successfully,2020-07-09 16:37:26
135176149,910012263776161993,070980555654,80015654,80015654 COLLENBAWN T  COLLENBAWN     ZW,115,Goods and services,Approved or completed successfully,2020-07-09 16:35:57
135169905,910012263773672052,070980545654,80015654,80015654 COLLENBAWN T  COLLENBAWN     ZW,45,Goods and services,Approved or completed successfully,2020-07-09 16:06:02
135169580,910012263776528927,070980535654,80015654,80015654 COLLENBAWN T  COLLENBAWN     ZW,45,Goods and services,Approved or completed successfully,2020-07-09 16:04:35
135166193,910012263772455122,070980525654,80015654,80015654 COLLENBAWN T  COLLENBAWN     ZW,45,Goods and services,Approved or completed successfully,2020-07-09 15:49:04
135165725,910012263778474695,070980515654,80015654,80015654 COLLENBAWN T  COLLENBAWN     ZW,45,Goods and services,Approved or completed successfully,2020-07-09 15:47:02
135164870,5048750003026865,070980505654,80015654,80015654 COLLENBAWN T  COLLENBAWN     ZW,45,Goods and services,Approved or completed successfully,2020-07-09 15:43:28
135090007,910012263784336308,070980495654,80015654,80015654 COLLENBAWN T  COLLENBAWN     ZW,10,Goods and services,Approved or completed successfully,2020-07-09 10:02:51
135089300,8926301008103851,070980485654,80015654,80015654 COLLENBAWN T  COLLENBAWN     ZW,25,Goods and services,Approved or completed successfully,2020-07-09 09:57:28
135088572,910012263774133355,070980475654,80015654,80015654 COLLENBAWN T  COLLENBAWN     ZW,10,Goods and services,Approved or completed successfully,2020-07-09 09:52:09
135087266,8000004504388872,070980465654,80015654,80015654 COLLENBAWN T  COLLENBAWN     ZW,10,Goods and services,Approved or completed successfully,2020-07-09 09:42:03
135086995,910012263773865877,070980455654,80015654,80015654 COLLENBAWN T  COLLENBAWN     ZW,10,Goods and services,Approved or completed successfully,2020-07-09 09:40:04
135086663,5048750003026865,070980445654,80015654,80015654 COLLENBAWN T  COLLENBAWN     ZW,10,Goods and services,Approved or completed successfully,2020-07-09 09:37:41
135086526,6012376513000316627,070980435654,80015654,80015654 COLLENBAWN T  COLLENBAWN     ZW,10,Goods and services,Approved or completed successfully,2020-07-09 09:36:39
135084895,6012376129000012148,070980425654,80015654,80015654 COLLENBAWN T  COLLENBAWN     ZW,10,Goods and services,Approved or completed successfully,2020-07-09 09:24:18
135083503,8926301005926536,070980415654,80015654,80015654 COLLENBAWN T  COLLENBAWN     ZW,10,Goods and services,Approved or completed successfully,2020-07-09 09:12:53
135082719,5888925012367656,070980405654,80015654,80015654 COLLENBAWN T  COLLENBAWN     ZW,10,Goods and services,Approved or completed successfully,2020-07-09 09:05:48
135080491,4445794001341448,070980395654,80015654,80015654 COLLENBAWN T  COLLENBAWN     ZW,10,Goods and services,Approved or completed successfully,2020-07-09 08:43:39
135078866,910012263778491408,070980385654,80015654,80015654 COLLENBAWN T  COLLENBAWN     ZW,10,Goods and services,Approved or completed successfully,2020-07-09 08:25:10
135072320,910012263772950776,070980375654,80015654,80015654 COLLENBAWN T  COLLENBAWN     ZW,0,Goods and services,Issuer or switch inoperative,2020-07-09 02:51:23
135072314,910012263772950776,070980365654,80015654,80015654 COLLENBAWN T  COLLENBAWN     ZW,0,Goods and services,Issuer or switch inoperative,2020-07-09 02:49:17
135068646,910012263772852506,070880355654,80015654,80015654 COLLENBAWN T  COLLENBAWN     ZW,25,Goods and services,Approved or completed successfully,2020-07-08 20:22:17
135066841,4445794001726838,070880345654,80015654,80015654 COLLENBAWN T  COLLENBAWN     ZW,10,Goods and services,Approved or completed successfully,2020-07-08 19:29:35
135066514,910012263779012723,070880335654,80015654,80015654 COLLENBAWN T  COLLENBAWN     ZW,10,Goods and services,Approved or completed successfully,2020-07-08 19:22:23
135066181,5890030075100757538,070880325654,80015654,80015654 COLLENBAWN T  COLLENBAWN     ZW,10,Goods and services,Approved or completed successfully,2020-07-08 19:12:55
135066112,5048756000179691,070880315654,80015654,80015654 COLLENBAWN T  COLLENBAWN     ZW,10,Goods and services,Approved or completed successfully,2020-07-08 19:11:06
135066054,910012263774107578,070880305654,80015654,80015654 COLLENBAWN T  COLLENBAWN     ZW,10,Goods and services,Approved or completed successfully,2020-07-08 19:09:39
135065974,910012263783493964,070880295654,80015654,80015654 COLLENBAWN T  COLLENBAWN     ZW,10,Goods and services,Approved or completed successfully,2020-07-08 19:07:33
135065883,6012376513000315041,070880285654,80015654,80015654 COLLENBAWN T  COLLENBAWN     ZW,10,Goods and services,Approved or completed successfully,2020-07-08 19:05:02
135065847,5890030075102693905,070880275654,80015654,80015654 COLLENBAWN T  COLLENBAWN     ZW,50,Goods and services,Approved or completed successfully,2020-07-08 19:04:08
135064689,910012263783493964,070880255654,80015654,80015654 COLLENBAWN T  COLLENBAWN     ZW,10,Goods and services,Approved or completed successfully,2020-07-08 18:38:59
135064580,910012263771370895,070880245654,80015654,80015654 COLLENBAWN T  COLLENBAWN     ZW,20,Goods and services,Approved or completed successfully,2020-07-08 18:37:01
135059083,5893788000000017511,070880235654,80015654,80015654 COLLENBAWN T  COLLENBAWN     ZW,10,Goods and services,Approved or completed successfully,2020-07-08 17:20:05
135056415,6017049000529334,070880225654,80015654,80015654 COLLENBAWN T  COLLENBAWN     ZW,10,Goods and services,Approved or completed successfully,2020-07-08 17:00:21
135054772,910012263772226823,070880215654,80015654,80015654 COLLENBAWN T  COLLENBAWN     ZW,0,Goods and services,Issuer or switch inoperative,2020-07-08 16:49:13
135054176,910012263772470156,070880205654,80015654,80015654 COLLENBAWN T  COLLENBAWN     ZW,10,Goods and services,Approved or completed successfully,2020-07-08 16:45:28
135054075,910012263777773765,070880195654,80015654,80015654 COLLENBAWN T  COLLENBAWN     ZW,10,Goods and services,Approved or completed successfully,2020-07-08 16:44:54
135053849,5049929000160764,070880185654,80015654,80015654 COLLENBAWN T  COLLENBAWN     ZW,10,Goods and services,Approved or completed successfully,2020-07-08 16:43:40
135053457,910012263772576768,070880175654,80015654,80015654 COLLENBAWN T  COLLENBAWN     ZW,0,Goods and services,Issuer or switch inoperative,2020-07-08 16:41:24
135053298,6012376508000411709,070880165654,80015654,80015654 COLLENBAWN T  COLLENBAWN     ZW,50,Goods and services,Approved or completed successfully,2020-07-08 16:40:23
135052884,910012263778361525,070880155654,80015654,80015654 COLLENBAWN T  COLLENBAWN     ZW,25,Goods and services,Approved or completed successfully,2020-07-08 16:37:59
135052794,6012376111000386631,070880145654,80015654,80015654 COLLENBAWN T  COLLENBAWN     ZW,10,Goods and services,Approved or completed successfully,2020-07-08 16:37:26
135051984,5048750001321813,070880135654,80015654,80015654 COLLENBAWN T  COLLENBAWN     ZW,10,Goods and services,Approved or completed successfully,2020-07-08 16:33:03
135051249,6012376101000538067,070880125654,80015654,80015654 COLLENBAWN T  COLLENBAWN     ZW,10,Goods and services,Approved or completed successfully,2020-07-08 16:29:19
135051011,910012263776608599,070880115654,80015654,80015654 COLLENBAWN T  COLLENBAWN     ZW,0,Goods and services,Issuer or switch inoperative,2020-07-08 16:28:11
135050809,910012263772405474,070880105654,80015654,80015654 COLLENBAWN T  COLLENBAWN     ZW,10,Goods and services,Approved or completed successfully,2020-07-08 16:27:07
135049192,910012263777108313,070880095654,80015654,80015654 COLLENBAWN T  COLLENBAWN     ZW,10,Goods and services,Approved or completed successfully,2020-07-08 16:19:20
135045655,910012263775881065,070880085654,80015654,80015654 COLLENBAWN T  COLLENBAWN     ZW,10,Goods and services,Approved or completed successfully,2020-07-08 16:02:34
135042882,910012263772718259,070880075654,80015654,80015654 COLLENBAWN T  COLLENBAWN     ZW,10,Goods and services,Approved or completed successfully,2020-07-08 15:49:34
135033920,6017049000125596,070880065654,80015654,80015654 COLLENBAWN T  COLLENBAWN     ZW,10,Goods and services,Approved or completed successfully,2020-07-08 15:07:12
135029276,910012263775699901,070880055654,80015654,80015654 COLLENBAWN T  COLLENBAWN     ZW,10,Goods and services,Approved or completed successfully,2020-07-08 14:46:19
135027849,910012263776190047,070880045654,80015654,80015654 COLLENBAWN T  COLLENBAWN     ZW,10,Goods and services,Approved or completed successfully,2020-07-08 14:39:33
135026438,4211580031232422,070880035654,80015654,80015654 COLLENBAWN T  COLLENBAWN     ZW,10,Goods and services,Approved or completed successfully,2020-07-08 14:33:02
135019275,6391366000009331,070880025654,80015654,80015654 COLLENBAWN T  COLLENBAWN     ZW,10,Goods and services,Approved or completed successfully,2020-07-08 14:01:23
135018686,5021950006906358,070880015654,80015654,80015654 COLLENBAWN T  COLLENBAWN     ZW,10,Goods and services,Approved or completed successfully,2020-07-08 13:59:01
135018412,6391363000016507,070880005654,80015654,80015654 COLLENBAWN T  COLLENBAWN     ZW,10,Goods and services,Approved or completed successfully,2020-07-08 13:57:56
135018106,910012263773087830,070879995654,80015654,80015654 COLLENBAWN T  COLLENBAWN     ZW,50,Goods and services,Approved or completed successfully,2020-07-08 13:56:47
135017810,910012263773087830,070879985654,80015654,80015654 COLLENBAWN T  COLLENBAWN     ZW,0,Goods and services,Issuer or switch inoperative,2020-07-08 13:55:32
135017444,910012263773087830,070879975654,80015654,80015654 COLLENBAWN T  COLLENBAWN     ZW,0,Goods and services,Issuer or switch inoperative,2020-07-08 13:53:56
135017249,910012263775659018,070879965654,80015654,80015654 COLLENBAWN T  COLLENBAWN     ZW,10,Goods and services,Approved or completed successfully,2020-07-08 13:53:05
135015718,910012263772562469,070879955654,80015654,80015654 COLLENBAWN T  COLLENBAWN     ZW,50,Goods and services,Approved or completed successfully,2020-07-08 13:46:15
135015456,5028101428080618,070879945654,80015654,80015654 COLLENBAWN T  COLLENBAWN     ZW,10,Goods and services,Approved or completed successfully,2020-07-08 13:45:03
135015320,5890032325090145808,070879935654,80015654,80015654 COLLENBAWN T  COLLENBAWN     ZW,10,Goods and services,Approved or completed successfully,2020-07-08 13:44:29
135015159,5893992583620007,070879925654,80015654,80015654 COLLENBAWN T  COLLENBAWN     ZW,10,Goods and services,Approved or completed successfully,2020-07-08 13:43:52
135013309,5890038000000701789,070879915654,80015654,80015654 COLLENBAWN T  COLLENBAWN     ZW,10,Goods and services,Approved or completed successfully,2020-07-08 13:35:46
135012783,910012263778142976,070879905654,80015654,80015654 COLLENBAWN T  COLLENBAWN     ZW,10,Goods and services,Approved or completed successfully,2020-07-08 13:33:38
135012287,5049929000150534,070879895654,80015654,80015654 COLLENBAWN T  COLLENBAWN     ZW,10,Goods and services,Approved or completed successfully,2020-07-08 13:31:13
135011367,5021958880563500,070879885654,80015654,80015654 COLLENBAWN T  COLLENBAWN     ZW,10,Goods and services,Approved or completed successfully,2020-07-08 13:27:34
135009789,8000004503787306,070879875654,80015654,80015654 COLLENBAWN T  COLLENBAWN     ZW,10,Goods and services,Approved or completed successfully,2020-07-08 13:21:45
135005605,5890030075101368483,070879865654,80015654,80015654 COLLENBAWN T  COLLENBAWN     ZW,10,Goods and services,Approved or completed successfully,2020-07-08 13:06:32
135005377,910012263776744480,070879855654,80015654,80015654 COLLENBAWN T  COLLENBAWN     ZW,10,Goods and services,Approved or completed successfully,2020-07-08 13:05:38
134998192,910012263775659018,070879845654,80015654,80015654 COLLENBAWN T  COLLENBAWN     ZW,20,Goods and services,Approved or completed successfully,2020-07-08 12:35:30
134992265,4531930200227278,070879835654,80015654,80015654 COLLENBAWN T  COLLENBAWN     ZW,10,Goods and services,Approved or completed successfully,2020-07-08 12:10:20
134991935,910012263775659018,070879825654,80015654,80015654 COLLENBAWN T  COLLENBAWN     ZW,10,Goods and services,Approved or completed successfully,2020-07-08 12:09:02
134989887,910012263773235648,070879815654,80015654,80015654 COLLENBAWN T  COLLENBAWN     ZW,10,Goods and services,Approved or completed successfully,2020-07-08 12:03:08
134989233,910012263777834091,070879805654,80015654,80015654 COLLENBAWN T  COLLENBAWN     ZW,10,Goods and services,Approved or completed successfully,2020-07-08 12:00:17
134988528,5021950006906358,070879795654,80015654,80015654 COLLENBAWN T  COLLENBAWN     ZW,10,Goods and services,Approved or completed successfully,2020-07-08 11:57:21
134987848,5048756000179691,070879785654,80015654,80015654 COLLENBAWN T  COLLENBAWN     ZW,10,Goods and services,Approved or completed successfully,2020-07-08 11:54:22
134987007,5888925040060455,070879775654,80015654,80015654 COLLENBAWN T  COLLENBAWN     ZW,10,Goods and services,Approved or completed successfully,2020-07-08 11:50:29
134971200,6391366000007509,070879755654,80015654,80015654 COLLENBAWN T  COLLENBAWN     ZW,10,Goods and services,Approved or completed successfully,2020-07-08 10:42:39
134967831,6017049050043327,070879745654,80015654,80015654 COLLENBAWN T  COLLENBAWN     ZW,50,Goods and services,Approved or completed successfully,2020-07-08 10:27:10
134965117,910012263776435031,070879735654,80015654,80015654 COLLENBAWN T  COLLENBAWN     ZW,10,Goods and services,Approved or completed successfully,2020-07-08 10:16:10
134899127,4531930200184669,070779725654,80015654,80015654 COLLENBAWN T  COLLENBAWN     ZW,25,Goods and services,Approved or completed successfully,2020-07-07 17:40:18
134894536,910012263785401485,070779715654,80015654,80015654 COLLENBAWN T  COLLENBAWN     ZW,10,Goods and services,Approved or completed successfully,2020-07-07 17:11:39
134894284,5888923006171085,070779705654,80015654,80015654 COLLENBAWN T  COLLENBAWN     ZW,50,Goods and services,Approved or completed successfully,2020-07-07 17:10:09
134893396,910012263772852175,070779695654,80015654,80015654 COLLENBAWN T  COLLENBAWN     ZW,10,Goods and services,Approved or completed successfully,2020-07-07 17:04:58
134892078,910012263772924922,070779685654,80015654,80015654 COLLENBAWN T  COLLENBAWN     ZW,10,Goods and services,Approved or completed successfully,2020-07-07 16:57:28
134891927,5890030075552882131,070779675654,80015654,80015654 COLLENBAWN T  COLLENBAWN     ZW,10,Goods and services,Approved or completed successfully,2020-07-07 16:56:42
134886762,910012263773671412,070779665654,80015654,80015654 COLLENBAWN T  COLLENBAWN     ZW,10,Goods and services,Approved or completed successfully,2020-07-07 16:31:38
134885967,5890030075092999361,070779655654,80015654,80015654 COLLENBAWN T  COLLENBAWN     ZW,20,Goods and services,Approved or completed successfully,2020-07-07 16:28:02
134885877,5890030075092998439,070779645654,80015654,80015654 COLLENBAWN T  COLLENBAWN     ZW,10,Goods and services,Approved or completed successfully,2020-07-07 16:27:33
134756876,5021958885653587,070679635654,80015654,80015654 COLLENBAWN T  COLLENBAWN     ZW,0,Goods and services,No universal account,2020-07-06 22:59:56
134756818,5021958880563500,070679625654,80015654,80015654 COLLENBAWN T  COLLENBAWN     ZW,0,Goods and services,Not sufficient funds,2020-07-06 22:59:19
134755535,910012263782433807,070679615654,80015654,80015654 COLLENBAWN T  COLLENBAWN     ZW,25,Goods and services,Approved or completed successfully,2020-07-06 22:44:06
134755458,910012263773145907,070679605654,80015654,80015654 COLLENBAWN T  COLLENBAWN     ZW,10,Goods and services,Approved or completed successfully,2020-07-06 22:43:16
134754577,910012263771787341,070679595654,80015654,80015654 COLLENBAWN T  COLLENBAWN     ZW,0,Goods and services,Issuer or switch inoperative,2020-07-06 22:33:06
134752491,5890030073022152805,070679585654,80015654,80015654 COLLENBAWN T  COLLENBAWN     ZW,10,Goods and services,Approved or completed successfully,2020-07-06 22:16:50
134737190,4068965337193051,070679575654,80015654,80015654 COLLENBAWN T  COLLENBAWN     ZW,10,Goods and services,Approved or completed successfully,2020-07-06 20:54:54
134736955,6012376525000324989,070679565654,80015654,80015654 COLLENBAWN T  COLLENBAWN     ZW,10,Goods and services,Approved or completed successfully,2020-07-06 20:53:31
134736711,4531930200184669,070679555654,80015654,80015654 COLLENBAWN T  COLLENBAWN     ZW,25,Goods and services,Approved or completed successfully,2020-07-06 20:52:06
134735555,910012263772892512,070679545654,80015654,80015654 COLLENBAWN T  COLLENBAWN     ZW,10,Goods and services,Approved or completed successfully,2020-07-06 20:46:03
134732698,6012376513000346772,070679535654,80015654,80015654 COLLENBAWN T  COLLENBAWN     ZW,10,Goods and services,Approved or completed successfully,2020-07-06 20:31:32
134728435,910012263775661001,070679525654,80015654,80015654 COLLENBAWN T  COLLENBAWN     ZW,10,Goods and services,Approved or completed successfully,2020-07-06 20:10:40
134727811,5893991238188535,070679515654,80015654,80015654 COLLENBAWN T  COLLENBAWN     ZW,10,Goods and services,Approved or completed successfully,2020-07-06 20:07:19
134727470,4531930200227278,070679505654,80015654,80015654 COLLENBAWN T  COLLENBAWN     ZW,10,Goods and services,Approved or completed successfully,2020-07-06 20:05:37
134726758,910012263772401445,070679495654,80015654,80015654 COLLENBAWN T  COLLENBAWN     ZW,10,Goods and services,Approved or completed successfully,2020-07-06 20:01:50
134725594,910012263773012127,070679485654,80015654,80015654 COLLENBAWN T  COLLENBAWN     ZW,10,Goods and services,Approved or completed successfully,2020-07-06 19:56:05
134725339,910012263779231685,070679475654,80015654,80015654 COLLENBAWN T  COLLENBAWN     ZW,0,Goods and services,Issuer or switch inoperative,2020-07-06 19:54:50
134723083,4445794001726838,070679465654,80015654,80015654 COLLENBAWN T  COLLENBAWN     ZW,10,Goods and services,Approved or completed successfully,2020-07-06 19:43:11
134718046,5888925011956467,070679455654,80015654,80015654 COLLENBAWN T  COLLENBAWN     ZW,10,Goods and services,Approved or completed successfully,2020-07-06 19:16:10
134716128,8926301005039140,070679435654,80015654,80015654 COLLENBAWN T  COLLENBAWN     ZW,0,Goods and services,Expired card, pick-up,2020-07-06 19:05:33
134715481,5888925040148748,070679425654,80015654,80015654 COLLENBAWN T  COLLENBAWN     ZW,25,Goods and services,Approved or completed successfully,2020-07-06 19:01:57
134712066,910012263787306203,070679415654,80015654,80015654 COLLENBAWN T  COLLENBAWN     ZW,10,Goods and services,Approved or completed successfully,2020-07-06 18:57:59
134710537,4445794001607475,070679405654,80015654,80015654 COLLENBAWN T  COLLENBAWN     ZW,10,Goods and services,Approved or completed successfully,2020-07-06 18:56:20
134710236,910012263772852175,070679395654,80015654,80015654 COLLENBAWN T  COLLENBAWN     ZW,0,Goods and services,Issuer or switch inoperative,2020-07-06 18:54:08
134709966,910012263772865618,070679385654,80015654,80015654 COLLENBAWN T  COLLENBAWN     ZW,10,Goods and services,Approved or completed successfully,2020-07-06 18:52:26
134709717,910012263772865618,070679375654,80015654,80015654 COLLENBAWN T  COLLENBAWN     ZW,0,Goods and services,Issuer or switch inoperative,2020-07-06 18:51:07
134709555,910012263772621190,070679365654,80015654,80015654 COLLENBAWN T  COLLENBAWN     ZW,10,Goods and services,Approved or completed successfully,2020-07-06 18:50:11
134708890,910012263775492099,070679355654,80015654,80015654 COLLENBAWN T  COLLENBAWN     ZW,25,Goods and services,Approved or completed successfully,2020-07-06 18:47:09
134706776,5890030075102694317,070679345654,80015654,80015654 COLLENBAWN T  COLLENBAWN     ZW,10,Goods and services,Approved or completed successfully,2020-07-06 18:35:17
134705403,8000004503150091,070679335654,80015654,80015654 COLLENBAWN T  COLLENBAWN     ZW,25,Goods and services,Approved or completed successfully,2020-07-06 18:28:49
134702605,910012263771710146,070679325654,80015654,80015654 COLLENBAWN T  COLLENBAWN     ZW,25,Goods and services,Approved or completed successfully,2020-07-06 18:17:17
134701176,910012263779545788,070679315654,80015654,80015654 COLLENBAWN T  COLLENBAWN     ZW,10,Goods and services,Approved or completed successfully,2020-07-06 18:07:29
134696749,910012263772462629,070679305654,80015654,80015654 COLLENBAWN T  COLLENBAWN     ZW,10,Goods and services,Approved or completed successfully,2020-07-06 17:09:17
134696492,5890030075553092292,070679295654,80015654,80015654 COLLENBAWN T  COLLENBAWN     ZW,10,Goods and services,Approved or completed successfully,2020-07-06 17:06:07
134696471,5890030075553092292,070679295654,80015654,80015654 COLLENBAWN T  COLLENBAWN     ZW,0,Goods and services,Incorrect PIN,2020-07-06 17:05:55
134696406,5048750019012952960,070679285654,80015654,80015654 COLLENBAWN T  COLLENBAWN     ZW,10,Goods and services,Approved or completed successfully,2020-07-06 17:05:14
134696112,5890030075093135460,070679275654,80015654,80015654 COLLENBAWN T  COLLENBAWN     ZW,25,Goods and services,Approved or completed successfully,2020-07-06 17:01:48
134696060,6391360800211015,070679265654,80015654,80015654 COLLENBAWN T  COLLENBAWN     ZW,10,Goods and services,Approved or completed successfully,2020-07-06 17:01:05
134695786,5888925040148748,070679255654,80015654,80015654 COLLENBAWN T  COLLENBAWN     ZW,25,Goods and services,Approved or completed successfully,2020-07-06 16:57:54
134695458,6012376506000377516,070679235654,80015654,80015654 COLLENBAWN T  COLLENBAWN     ZW,10,Goods and services,Approved or completed successfully,2020-07-06 16:54:34
134679019,910012263776561426,070679225654,80015654,80015654 COLLENBAWN T  COLLENBAWN     ZW,50,Goods and services,Approved or completed successfully,2020-07-06 14:56:33
134676493,910012263773448619,070679215654,80015654,80015654 COLLENBAWN T  COLLENBAWN     ZW,10,Goods and services,Approved or completed successfully,2020-07-06 14:39:29
134675974,5048750019009377380,070679205654,80015654,80015654 COLLENBAWN T  COLLENBAWN     ZW,50,Goods and services,Approved or completed successfully,2020-07-06 14:35:58
134674262,4445794001607475,070679195654,80015654,80015654 COLLENBAWN T  COLLENBAWN     ZW,10,Goods and services,Approved or completed successfully,2020-07-06 14:23:37
134671849,5890032325090145675,070679185654,80015654,80015654 COLLENBAWN T  COLLENBAWN     ZW,10,Goods and services,Approved or completed successfully,2020-07-06 14:06:49
134671724,5890030073040916512,070679175654,80015654,80015654 COLLENBAWN T  COLLENBAWN     ZW,10,Goods and services,Approved or completed successfully,2020-07-06 14:05:56
134670781,5890030075101804057,070679165654,80015654,80015654 COLLENBAWN T  COLLENBAWN     ZW,10,Goods and services,Approved or completed successfully,2020-07-06 13:59:45
134670759,5890030075101804057,070679165654,80015654,80015654 COLLENBAWN T  COLLENBAWN     ZW,0,Goods and services,Incorrect PIN,2020-07-06 13:59:34
134670394,910012263782527083,070679155654,80015654,80015654 COLLENBAWN T  COLLENBAWN     ZW,0,Goods and services,Issuer or switch inoperative,2020-07-06 13:57:10
134670124,5028101428080618,070679145654,80015654,80015654 COLLENBAWN T  COLLENBAWN     ZW,10,Goods and services,Approved or completed successfully,2020-07-06 13:55:20
134669324,910012263782119649,070679135654,80015654,80015654 COLLENBAWN T  COLLENBAWN     ZW,10,Goods and services,Approved or completed successfully,2020-07-06 13:49:31
134668743,4531930200227278,070679125654,80015654,80015654 COLLENBAWN T  COLLENBAWN     ZW,10,Goods and services,Approved or completed successfully,2020-07-06 13:45:45
134668581,910012263776418204,070679115654,80015654,80015654 COLLENBAWN T  COLLENBAWN     ZW,10,Goods and services,Approved or completed successfully,2020-07-06 13:44:36
134668156,910012263772348912,070679105654,80015654,80015654 COLLENBAWN T  COLLENBAWN     ZW,0,Goods and services,Issuer or switch inoperative,2020-07-06 13:42:41
134666059,5890032325090145675,070679095654,80015654,80015654 COLLENBAWN T  COLLENBAWN     ZW,10,Goods and services,Approved or completed successfully,2020-07-06 13:35:27
134664943,910012263773597954,070679085654,80015654,80015654 COLLENBAWN T  COLLENBAWN     ZW,10,Goods and services,Approved or completed successfully,2020-07-06 13:31:04
134664833,5890030075093135460,070679075654,80015654,80015654 COLLENBAWN T  COLLENBAWN     ZW,25,Goods and services,Approved or completed successfully,2020-07-06 13:30:15
134652427,910012263785459742,070679065654,80015654,80015654 COLLENBAWN T  COLLENBAWN     ZW,10,Goods and services,Approved or completed successfully,2020-07-06 12:07:08
134650444,910012263778526911,070679055654,80015654,80015654 COLLENBAWN T  COLLENBAWN     ZW,10,Goods and services,Approved or completed successfully,2020-07-06 11:53:18
134646504,8000004504211777,070679045654,80015654,80015654 COLLENBAWN T  COLLENBAWN     ZW,20,Goods and services,Approved or completed successfully,2020-07-06 11:23:24
134646358,910012263779231685,070679035654,80015654,80015654 COLLENBAWN T  COLLENBAWN     ZW,10,Goods and services,Approved or completed successfully,2020-07-06 11:22:13
134644432,910012263774918425,070679025654,80015654,80015654 COLLENBAWN T  COLLENBAWN     ZW,10,Goods and services,Approved or completed successfully,2020-07-06 11:07:31
134641551,6017049000345533,070679015654,80015654,80015654 COLLENBAWN T  COLLENBAWN     ZW,10,Goods and services,Approved or completed successfully,2020-07-06 10:44:46
134639665,6391362000058410,070679005654,80015654,80015654 COLLENBAWN T  COLLENBAWN     ZW,20,Goods and services,Approved or completed successfully,2020-07-06 10:30:36
134639526,910012263772239844,070678995654,80015654,80015654 COLLENBAWN T  COLLENBAWN     ZW,0,Goods and services,Issuer or switch inoperative,2020-07-06 10:29:36
134639440,5888925060000506,070678985654,80015654,80015654 COLLENBAWN T  COLLENBAWN     ZW,10,Goods and services,Approved or completed successfully,2020-07-06 10:28:54
134601155,910012263782069804,070578975654,80015654,80015654 COLLENBAWN T  COLLENBAWN     ZW,10,Goods and services,Approved or completed successfully,2020-07-05 15:49:16
134600739,910012263772785587,070578965654,80015654,80015654 COLLENBAWN T  COLLENBAWN     ZW,10,Goods and services,Approved or completed successfully,2020-07-05 15:44:29
134442306,5028101428080618,070378955654,80015654,80015654 COLLENBAWN T  COLLENBAWN     ZW,10,Goods and services,Approved or completed successfully,2020-07-03 17:06:01
134440606,910012263772852227,070378945654,80015654,80015654 COLLENBAWN T  COLLENBAWN     ZW,50,Goods and services,Approved or completed successfully,2020-07-03 16:53:21
134439487,5890030045150020962,070378935654,80015654,80015654 COLLENBAWN T  COLLENBAWN     ZW,10,Goods and services,Approved or completed successfully,2020-07-03 16:45:44
134438616,910012263778373680,070378925654,80015654,80015654 COLLENBAWN T  COLLENBAWN     ZW,10,Goods and services,Approved or completed successfully,2020-07-03 16:39:23
134353575,910012263772852227,070378915654,80015654,80015654 COLLENBAWN T  COLLENBAWN     ZW,0,Goods and services,Issuer or switch inoperative,2020-07-03 05:23:45
134353550,910012263772852227,070378905654,80015654,80015654 COLLENBAWN T  COLLENBAWN     ZW,0,Goods and services,Issuer or switch inoperative,2020-07-03 05:21:17
134353472,910012263773468703,070378895654,80015654,80015654 COLLENBAWN T  COLLENBAWN     ZW,10,Goods and services,Approved or completed successfully,2020-07-03 05:13:51
134353258,910012263784254842,070378885654,80015654,80015654 COLLENBAWN T  COLLENBAWN     ZW,0,Goods and services,Issuer or switch inoperative,2020-07-03 04:37:42
134353248,5021958881747490,070378875654,80015654,80015654 COLLENBAWN T  COLLENBAWN     ZW,10,Goods and services,Approved or completed successfully,2020-07-03 04:35:26
134352615,5021950007162498,070378865654,80015654,80015654 COLLENBAWN T  COLLENBAWN     ZW,10,Goods and services,Approved or completed successfully,2020-07-03 01:54:24
134352609,5888923006575947,070378855654,80015654,80015654 COLLENBAWN T  COLLENBAWN     ZW,10,Goods and services,Approved or completed successfully,2020-07-03 01:52:49
134348457,910012263774804022,070278845654,80015654,80015654 COLLENBAWN T  COLLENBAWN     ZW,10,Goods and services,Approved or completed successfully,2020-07-02 20:38:06
134348284,5890030075551119956,070278835654,80015654,80015654 COLLENBAWN T  COLLENBAWN     ZW,10,Goods and services,Approved or completed successfully,2020-07-02 20:34:12
134348094,910012263773665725,070278825654,80015654,80015654 COLLENBAWN T  COLLENBAWN     ZW,20,Goods and services,Approved or completed successfully,2020-07-02 20:30:02
134348051,910012263773665725,070278815654,80015654,80015654 COLLENBAWN T  COLLENBAWN     ZW,0,Goods and services,Issuer or switch inoperative,2020-07-02 20:28:53
134348023,910012263772747629,070278805654,80015654,80015654 COLLENBAWN T  COLLENBAWN     ZW,0,Goods and services,Refer to card issuer,2020-07-02 20:28:20
134347955,5048750003049537,070278795654,80015654,80015654 COLLENBAWN T  COLLENBAWN     ZW,0,Goods and services,Do not honor,2020-07-02 20:26:51
134347929,5048750003049537,070278785654,80015654,80015654 COLLENBAWN T  COLLENBAWN     ZW,0,Goods and services,Do not honor,2020-07-02 20:26:15
134347892,910012263775404055,070278775654,80015654,80015654 COLLENBAWN T  COLLENBAWN     ZW,10,Goods and services,Approved or completed successfully,2020-07-02 20:25:18
134347829,5888925011960782,070278765654,80015654,80015654 COLLENBAWN T  COLLENBAWN     ZW,15,Goods and services,Approved or completed successfully,2020-07-02 20:24:07
134347622,910012263784099068,070278735654,80015654,80015654 COLLENBAWN T  COLLENBAWN     ZW,25,Goods and services,Approved or completed successfully,2020-07-02 20:20:16
134347526,910012263773775526,070278725654,80015654,80015654 COLLENBAWN T  COLLENBAWN     ZW,10,Goods and services,Approved or completed successfully,2020-07-02 20:18:23
134345957,910012263777216337,070278715654,80015654,80015654 COLLENBAWN T  COLLENBAWN     ZW,50,Goods and services,Approved or completed successfully,2020-07-02 19:48:57
134345621,5049929000150534,070278705654,80015654,80015654 COLLENBAWN T  COLLENBAWN     ZW,10,Goods and services,Approved or completed successfully,2020-07-02 19:43:15
134345465,910012263771070218,070278695654,80015654,80015654 COLLENBAWN T  COLLENBAWN     ZW,10,Goods and services,Approved or completed successfully,2020-07-02 19:40:33
134345357,910012263773690048,070278685654,80015654,80015654 COLLENBAWN T  COLLENBAWN     ZW,50,Goods and services,Approved or completed successfully,2020-07-02 19:38:46
134345205,910012263774425011,070278675654,80015654,80015654 COLLENBAWN T  COLLENBAWN     ZW,50,Goods and services,Approved or completed successfully,2020-07-02 19:36:27
134344286,6391360800111975,070278665654,80015654,80015654 COLLENBAWN T  COLLENBAWN     ZW,25,Goods and services,Approved or completed successfully,2020-07-02 19:22:15
134343712,910012263774414475,070278655654,80015654,80015654 COLLENBAWN T  COLLENBAWN     ZW,10,Goods and services,Approved or completed successfully,2020-07-02 19:14:25
134343644,910012263776088178,070278645654,80015654,80015654 COLLENBAWN T  COLLENBAWN     ZW,10,Goods and services,Approved or completed successfully,2020-07-02 19:13:32
134342797,5021958885995855,070278635654,80015654,80015654 COLLENBAWN T  COLLENBAWN     ZW,10,Goods and services,Approved or completed successfully,2020-07-02 19:01:00
134342705,6012376513000330438,070278625654,80015654,80015654 COLLENBAWN T  COLLENBAWN     ZW,10,Goods and services,Approved or completed successfully,2020-07-02 18:59:41
134342672,5890030075092518807,070278615654,80015654,80015654 COLLENBAWN T  COLLENBAWN     ZW,0,Goods and services,Not sufficient funds,2020-07-02 18:59:16
134342238,5021951410044083,070278605654,80015654,80015654 COLLENBAWN T  COLLENBAWN     ZW,10,Goods and services,Approved or completed successfully,2020-07-02 18:54:07
134341971,5890030075100757538,070278595654,80015654,80015654 COLLENBAWN T  COLLENBAWN     ZW,10,Goods and services,Approved or completed successfully,2020-07-02 18:51:01
134341531,910012263776976490,070278585654,80015654,80015654 COLLENBAWN T  COLLENBAWN     ZW,50,Goods and services,Approved or completed successfully,2020-07-02 18:45:15
134340844,910012263779791235,070278575654,80015654,80015654 COLLENBAWN T  COLLENBAWN     ZW,10,Goods and services,Approved or completed successfully,2020-07-02 18:37:00
134340386,910012263783493964,070278565654,80015654,80015654 COLLENBAWN T  COLLENBAWN     ZW,0,Goods and services,Issuer or switch inoperative,2020-07-02 18:30:49
134339397,910012263787301674,070278555654,80015654,80015654 COLLENBAWN T  COLLENBAWN     ZW,10,Goods and services,Approved or completed successfully,2020-07-02 18:17:48
134339324,4445794000388911,070278545654,80015654,80015654 COLLENBAWN T  COLLENBAWN     ZW,10,Goods and services,Approved or completed successfully,2020-07-02 18:16:55
134338448,910012263774542101,070278535654,80015654,80015654 COLLENBAWN T  COLLENBAWN     ZW,0,Goods and services,Issuer or switch inoperative,2020-07-02 18:06:50
134337950,910012263774377611,070278525654,80015654,80015654 COLLENBAWN T  COLLENBAWN     ZW,0,Goods and services,Issuer or switch inoperative,2020-07-02 18:01:17
134337542,6012376513000322161,070278515654,80015654,80015654 COLLENBAWN T  COLLENBAWN     ZW,10,Goods and services,Approved or completed successfully,2020-07-02 17:56:35
134337087,8926301006516104,070278505654,80015654,80015654 COLLENBAWN T  COLLENBAWN     ZW,50,Goods and services,Approved or completed successfully,2020-07-02 17:51:40
134333858,6012376513000348133,070278495654,80015654,80015654 COLLENBAWN T  COLLENBAWN     ZW,50,Goods and services,Approved or completed successfully,2020-07-02 17:15:37
134333724,910012263772818347,070278485654,80015654,80015654 COLLENBAWN T  COLLENBAWN     ZW,25,Goods and services,Approved or completed successfully,2020-07-02 17:14:12
134333588,910012263772813347,070278475654,80015654,80015654 COLLENBAWN T  COLLENBAWN     ZW,0,Goods and services,Issuer or switch inoperative,2020-07-02 17:12:51
134333249,910012263772715374,070278465654,80015654,80015654 COLLENBAWN T  COLLENBAWN     ZW,10,Goods and services,Approved or completed successfully,2020-07-02 17:09:19
134332721,6012376514000370895,070278455654,80015654,80015654 COLLENBAWN T  COLLENBAWN     ZW,10,Goods and services,Approved or completed successfully,2020-07-02 17:06:32
134330771,5021950006100051,070278445654,80015654,80015654 COLLENBAWN T  COLLENBAWN     ZW,10,Goods and services,Approved or completed successfully,2020-07-02 16:59:07
134329508,8926301005622622,070278435654,80015654,80015654 COLLENBAWN T  COLLENBAWN     ZW,0,Goods and services,Invalid transaction,2020-07-02 16:53:50
134329321,4204561121578485,070278425654,80015654,80015654 COLLENBAWN T  COLLENBAWN     ZW,0,Goods and services,Refer to card issuer,2020-07-02 16:53:18
134301761,910012263774463843,070278415654,80015654,80015654 COLLENBAWN T  COLLENBAWN     ZW,10,Goods and services,Approved or completed successfully,2020-07-02 13:56:30
134301595,910012263772819131,070278405654,80015654,80015654 COLLENBAWN T  COLLENBAWN     ZW,0,Goods and services,Issuer or switch inoperative,2020-07-02 13:55:23
134299950,6391360800651640,070278395654,80015654,80015654 COLLENBAWN T  COLLENBAWN     ZW,10,Goods and services,Approved or completed successfully,2020-07-02 13:44:32
134298921,6012376513000330438,070278385654,80015654,80015654 COLLENBAWN T  COLLENBAWN     ZW,10,Goods and services,Approved or completed successfully,2020-07-02 13:37:35
134298433,5890030073023209166,070278375654,80015654,80015654 COLLENBAWN T  COLLENBAWN     ZW,10,Goods and services,Approved or completed successfully,2020-07-02 13:34:28
134296627,5048750003048687,070278365654,80015654,80015654 COLLENBAWN T  COLLENBAWN     ZW,10,Goods and services,Approved or completed successfully,2020-07-02 13:23:18
134296407,5890030073021898119,070278355654,80015654,80015654 COLLENBAWN T  COLLENBAWN     ZW,10,Goods and services,Approved or completed successfully,2020-07-02 13:22:02
134296014,5888925012769083,070278345654,80015654,80015654 COLLENBAWN T  COLLENBAWN     ZW,10,Goods and services,Approved or completed successfully,2020-07-02 13:19:21
134295880,4068965337345826,070278335654,80015654,80015654 COLLENBAWN T  COLLENBAWN     ZW,10,Goods and services,Approved or completed successfully,2020-07-02 13:18:32
134295681,5890030076302812410,070278325654,80015654,80015654 COLLENBAWN T  COLLENBAWN     ZW,10,Goods and services,Approved or completed successfully,2020-07-02 13:17:05
134295181,5890030075100757538,070278315654,80015654,80015654 COLLENBAWN T  COLLENBAWN     ZW,10,Goods and services,Approved or completed successfully,2020-07-02 13:14:14
134294999,5890030075550780790,070278305654,80015654,80015654 COLLENBAWN T  COLLENBAWN     ZW,10,Goods and services,Approved or completed successfully,2020-07-02 13:13:15
134294705,5888925011892522,070278295654,80015654,80015654 COLLENBAWN T  COLLENBAWN     ZW,10,Goods and services,Approved or completed successfully,2020-07-02 13:11:43
134293849,910012263778747288,070278285654,80015654,80015654 COLLENBAWN T  COLLENBAWN     ZW,10,Goods and services,Approved or completed successfully,2020-07-02 13:05:59
134293558,5890032325690213394,070278275654,80015654,80015654 COLLENBAWN T  COLLENBAWN     ZW,10,Goods and services,Approved or completed successfully,2020-07-02 13:04:22
134292740,910012263778675199,070278265654,80015654,80015654 COLLENBAWN T  COLLENBAWN     ZW,15,Goods and services,Approved or completed successfully,2020-07-02 12:59:04
134289780,5048750001791932,070278245654,80015654,80015654 COLLENBAWN T  COLLENBAWN     ZW,10,Goods and services,Approved or completed successfully,2020-07-02 12:39:21
134288393,5048750003048687,070278235654,80015654,80015654 COLLENBAWN T  COLLENBAWN     ZW,10,Goods and services,Approved or completed successfully,2020-07-02 12:30:33
134288077,6012376513000328481,070278225654,80015654,80015654 COLLENBAWN T  COLLENBAWN     ZW,10,Goods and services,Approved or completed successfully,2020-07-02 12:28:35
134282880,5048750003049537,070278215654,80015654,80015654 COLLENBAWN T  COLLENBAWN     ZW,0,Goods and services,Do not honor,2020-07-02 11:54:50
134282780,5048750003049537,070278205654,80015654,80015654 COLLENBAWN T  COLLENBAWN     ZW,0,Goods and services,Do not honor,2020-07-02 11:54:09
134134622,910012263785778400,070178195654,80015654,80015654 COLLENBAWN T  COLLENBAWN     ZW,0,Goods and services,Refer to card issuer,2020-07-01 05:29:52
134134224,910012263771430889,070178185654,80015654,80015654 COLLENBAWN T  COLLENBAWN     ZW,10,Goods and services,Approved or completed successfully,2020-07-01 05:20:33
134133793,910012263772304086,070178175654,80015654,80015654 COLLENBAWN T  COLLENBAWN     ZW,10,Goods and services,Approved or completed successfully,2020-07-01 05:07:56
134133760,910012263772304086,070178165654,80015654,80015654 COLLENBAWN T  COLLENBAWN     ZW,0,Goods and services,Issuer or switch inoperative,2020-07-01 05:06:43
134133652,910012263774316276,070178155654,80015654,80015654 COLLENBAWN T  COLLENBAWN     ZW,10,Goods and services,Approved or completed successfully,2020-07-01 05:01:34
134133636,5890030075552269370,070178145654,80015654,80015654 COLLENBAWN T  COLLENBAWN     ZW,0,Goods and services,Invalid amount,2020-07-01 05:01:01
134133623,5890030075552269370,070178135654,80015654,80015654 COLLENBAWN T  COLLENBAWN     ZW,0,Goods and services,Invalid amount,2020-07-01 05:00:32
134133283,5888925013142330,070178125654,80015654,80015654 COLLENBAWN T  COLLENBAWN     ZW,10,Goods and services,Approved or completed successfully,2020-07-01 04:44:36
134131621,5021958885740087,070178115654,80015654,80015654 COLLENBAWN T  COLLENBAWN     ZW,25,Goods and services,Approved or completed successfully,2020-07-01 02:33:25
134130214,4531930000778470,063078105654,80015654,80015654 COLLENBAWN T  COLLENBAWN     ZW,50,Goods and services,Approved or completed successfully,2020-06-30 23:58:42
134130155,910012263776292441,063078085654,80015654,80015654 COLLENBAWN T  COLLENBAWN     ZW,15,Goods and services,Approved or completed successfully,2020-06-30 23:50:33
134125915,910012263779673454,063078075654,80015654,80015654 COLLENBAWN T  COLLENBAWN     ZW,10,Goods and services,Approved or completed successfully,2020-06-30 20:29:40
134125413,910012263772741929,063078065654,80015654,80015654 COLLENBAWN T  COLLENBAWN     ZW,25,Goods and services,Approved or completed successfully,2020-06-30 20:21:33
134125341,910012263772741929,063078055654,80015654,80015654 COLLENBAWN T  COLLENBAWN     ZW,0,Goods and services,Issuer or switch inoperative,2020-06-30 20:20:04
134123596,910012263774377611,063078045654,80015654,80015654 COLLENBAWN T  COLLENBAWN     ZW,10,Goods and services,Approved or completed successfully,2020-06-30 19:50:35
134122699,910012263786214346,063078035654,80015654,80015654 COLLENBAWN T  COLLENBAWN     ZW,20,Goods and services,Approved or completed successfully,2020-06-30 19:36:21
134122133,6012376302000391057,063078025654,80015654,80015654 COLLENBAWN T  COLLENBAWN     ZW,10,Goods and services,Approved or completed successfully,2020-06-30 19:28:52
134121692,5890032325090145808,063078015654,80015654,80015654 COLLENBAWN T  COLLENBAWN     ZW,0,Goods and services,Issuer or switch inoperative,2020-06-30 19:22:43
134121600,5890032325090145808,063078005654,80015654,80015654 COLLENBAWN T  COLLENBAWN     ZW,0,Goods and services,Issuer or switch inoperative,2020-06-30 19:21:27
134121097,910012263778168236,063077995654,80015654,80015654 COLLENBAWN T  COLLENBAWN     ZW,20,Goods and services,Approved or completed successfully,2020-06-30 19:14:29
134120869,910012263778168236,063077975654,80015654,80015654 COLLENBAWN T  COLLENBAWN     ZW,0,Goods and services,Issuer or switch inoperative,2020-06-30 19:11:34
134120554,910012263771430889,063077965654,80015654,80015654 COLLENBAWN T  COLLENBAWN     ZW,10,Goods and services,Approved or completed successfully,2020-06-30 19:06:54
134120489,5048750000367680,063077955654,80015654,80015654 COLLENBAWN T  COLLENBAWN     ZW,10,Goods and services,Approved or completed successfully,2020-06-30 19:06:04
134119919,910012263782331105,063077945654,80015654,80015654 COLLENBAWN T  COLLENBAWN     ZW,10,Goods and services,Approved or completed successfully,2020-06-30 18:58:21
134119586,910012263772818347,063077935654,80015654,80015654 COLLENBAWN T  COLLENBAWN     ZW,25,Goods and services,Approved or completed successfully,2020-06-30 18:53:41
134119000,5890030075552880820,063077925654,80015654,80015654 COLLENBAWN T  COLLENBAWN     ZW,10,Goods and services,Approved or completed successfully,2020-06-30 18:46:15
134118689,58889290328698387,063077915654,80015654,80015654 COLLENBAWN T  COLLENBAWN     ZW,10,Goods and services,Approved or completed successfully,2020-06-30 18:42:49
134116980,5049870000476075,063077905654,80015654,80015654 COLLENBAWN T  COLLENBAWN     ZW,10,Goods and services,Approved or completed successfully,2020-06-30 18:23:53
134116527,910012263773011893,063077895654,80015654,80015654 COLLENBAWN T  COLLENBAWN     ZW,10,Goods and services,Approved or completed successfully,2020-06-30 18:19:09
134115546,910012263777498958,063077885654,80015654,80015654 COLLENBAWN T  COLLENBAWN     ZW,10,Goods and services,Approved or completed successfully,2020-06-30 18:08:35
134115241,910012263773865933,063077875654,80015654,80015654 COLLENBAWN T  COLLENBAWN     ZW,10,Goods and services,Approved or completed successfully,2020-06-30 18:05:08
134115138,910012263774542101,063077865654,80015654,80015654 COLLENBAWN T  COLLENBAWN     ZW,10,Goods and services,Approved or completed successfully,2020-06-30 18:04:04
134114103,910012263771430889,063077855654,80015654,80015654 COLLENBAWN T  COLLENBAWN     ZW,10,Goods and services,Approved or completed successfully,2020-06-30 17:52:30
133648850,5048750001293285,062629115654,80015654,80015654 COLLENBAWN T  COLLENBAWN     ZW,0,Balance inquiry,Approved or completed successfully,2020-06-26 10:57:31
133359775,5048750003026279,062377835654,80015654,80015654 COLLENBAWN T  COLLENBAWN     ZW,0.01,Goods and services,Approved or completed successfully,2020-06-23 10:30:45
