Item Category, Item Code, Description, Quantity, Unit Price, Total Cost
Printed Stationery,6,Moenstad,86017,23818.00,99323.00
Printed Stationery,4,East Madison,91211,47801.00,87767.00
Printed Stationery,7,Candiceburgh,4370,30570.00,81219.00
Printed Stationery,6,Deloresfort,3252,19591.00,45564.00
Printed Stationery,6,Dellstad,36569,11473.00,8639.00
Printed Stationery,3,West Kathryn,18202,2283.00,56459.00
Printed Stationery,7,Dachchester,66850,18486.00,31015.00
Printed Stationery,7,West Maciefurt,75092,34926.00,36431.00
Printed Stationery,7,Lake Jonatan,31988,897.00,3173.00
Printed Stationery,2,Cruickshankburgh,7933,40320.00,8534.00
Printed Stationery,4,Lake Craig,64837,25573.00,54623.00
Printed Stationery,1,New Declan,40796,43424.00,27853.00
Printed Stationery,3,Lake Fabiolaside,73555,5115.00,45555.00
Printed Stationery,4,West Joanieborough,36971,43141.00,4770.00
Printed Stationery,6,Lake Karina,21699,48494.00,41972.00
