Customer Name, Account Number, Amount,Error Description, Reason of Exception
Prince Gurajena,040000291287,80,Error,BANK.BIC.CODE:1:1=INPUT MISSING
James Chikanga,040000171947,25,Error,Invalid Credit Account
Walter Mleya,115000003036,20,Declined,
Walter Mleya,115000003036,50,Declined,
Walter Mleya,115000003036,45,Declined,
Walter Mleya,115000003036,60,Declined,
Walter Mleya,115000003036,86,Declined,
Walter Mleya,115000003036,23,Declined,
Walter Mleya,115000003036,80,Declined,
Walter Mleya,115000003036,20,Declined,
Walter Mleya,115000003036,41,Declined,
Walter Mleya,115000003036,36,Declined,
Walter Mleya,115000003036,45,Declined,
Walter Mleya,115000003036,78,Declined,
Walter Mleya,115000003036,86,Declined,
Walter Mleya,115000003036,89,Declined,
Walter Mleya,115000003036,78,Declined,
Walter Mleya,115000003036,45,Declined,
Walter Mleya,115000003036,89,Declined,
Walter Mleya,115000003036,23,Declined,
Walter Mleya,115000003036,56,Declined,
Walter Mleya,115000003036,89,Declined,
Walter Mleya,115000003036,85,Declined,
Prince Gurajena,040000291287,100,Error,No universal account
Tariro Mukanyi,040000037108,200,Error,Invalid Credit Account
Tariro Mukanyi,040000037108,500,Error,DEBIT.ACCT.NO:1:1=Debit transaction not allowed in Dormant account
Prince Gurajena,100001955386,500,Error,HOLD - OVERRIDE Account 100001955386 is inactive
Tariro Mukanyi,040000037108,255,Error,HOLD - OVERRIDE Account 100001955386 is inactive
Tariro Mukanyi,040000037108,4000,Error,HOLD - OVERRIDE You have an Excess of ZWL -2916.09 on Limit 706150.000OVGB.01
Prince Gurajena,040000291287,0,Error,Internet Banking Offline
Felicity Munozogara,100000007654,36,Pending , Waiting Retry,Internet Banking Offline
Felicity Munozogara,100000007654,85,Error,Invalid Credit Account
Felicity Munozogara,134000000511,2000,Error,HOLD - OVERRIDE Account 100000007654 is inactive
Felicity Munozogara,134000000511,2000,Error,HOLD - OVERRIDE Account 100000007654 is inactive
Tariro Mukanyi,040000037108,700,Pending , Waiting Retry,In-sufficient funds
Tariro Mukanyi,040000037108,2000,Error,HOLD - OVERRIDE RATE REQUIRED - EXCEEDS LIMIT
Tariro Mukanyi,040000037108,2000,Pending , Waiting Retry,In-sufficient funds
Nomsa Mungadzi,040000020089,45.28,Error,Invalid Credit Account
Tariro Mukanyi,040000037108,100,Pending , Waiting Retry,In-sufficient funds
Tariro Mukanyi,040000037108,1000,Pending , Waiting Retry,In-sufficient funds
Felicity Munozogara,134000000511,85,Error,Invalid Credit Account
Tariro Mukanyi,040000037108,1000,Error,HOLD - OVERRIDE Account 100000758668 is inactive
Tariro Mukanyi,040000037108,1500,Error,HOLD - OVERRIDE Account 100000157478 is inactive
Tariro Mukanyi,040000037108,100,Error,DEBIT.ACCT.NO:1:1=Debit transaction not allowed in Dormant account
Tariro Mukanyi,040000037108,1000,Error,DEBIT.ACCT.NO:1:1=Debit transaction not allowed in Dormant account
Tariro Mukanyi,040000037108,1000,Error,HOLD - OVERRIDE Account 100000161025 is inactive
Felicity Munozogara,134000000511,85,Error,CREDIT.ACCT.NO:1:1=MISSING REC IN FILE FBNK.MNEMONIC.ACCOUNT 1E+14
Felicity Munozogara,134000000511,50,Error,CREDIT.ACCT.NO:1:1=TOO MANY MNEMONIC CHAR.
Felicity Munozogara,134000000511,60,Error,CREDIT.ACCT.NO:1:1=TOO MANY MNEMONIC CHAR.
Tariro Mukanyi,040000037108,250,Error,Invalid Debit Account
Felicity Munozogara,134000000511,85,Error,Invalid Credit Account
Felicity Munozogara,134000000511,50,Error,HOLD - OVERRIDE Account 100001076099 is inactive
Tariro Mukanyi,040000037108,1710,Pending , Waiting Retry,In-sufficient funds
Tariro Mukanyi,040000037108,1500,Pending , Waiting Retry,In-sufficient funds
Tariro Mukanyi,040000037108,100,Error,HOLD - OVERRIDE Account 100001503148 - Post No Debits
Tichafa Mawire,011130597101,100,Pending , Waiting Retry,In-sufficient funds
Felicity Munozogara,134000000511,50,Error,Invalid Credit Account
Felicity Munozogara,134000000511,45,Error,Invalid Credit Account
Felicity Munozogara,134000000511,120,Error,HOLD - OVERRIDE Account 100001843081 is inactive
Tariro Mukanyi,040000037108,1000,Pending , Waiting Retry,In-sufficient funds
Felicity Munozogara,134000000511,50,Error,HOLD - OVERRIDE Account 100001079907 is inactive
Felicity Munozogara,134000000511,120,Error,HOLD - OVERRIDE Account 100001181224 - Post No Credits
Tariro Mukanyi,040000037108,100,Error,HOLD - OVERRIDE Account 100001154863 is inactive
Felicity Munozogara,100000007654,50,Error,DEBIT.ACCT.NO:1:1=Debit transaction not allowed in Dormant account
Felicity Munozogara,100000007654,45,Error,DEBIT.ACCT.NO:1:1=Debit transaction not allowed in Dormant account
Felicity Munozogara,100000007654,120,Error,DEBIT.ACCT.NO:1:1=Debit transaction not allowed in Dormant account
Nomsa Mungadzi,040000020089,67.52,Error,HOLD - OVERRIDE Account 100000048838 is inactive
Nomsa Mungadzi,040000020089,91.03,Error,HOLD - OVERRIDE Account 100000048849 is inactive
Nomsa Mungadzi,040000020089,45.28,Error,HOLD - OVERRIDE Account 100000048873 is inactive
Nomsa Mungadzi,040000020089,11.01,Error,Invalid Credit Account
Nomsa Mungadzi,040000020089,20,Error,HOLD - OVERRIDE Account 100001079907 is inactive
Nomsa Mungadzi,040000020089,25,Pending , Waiting Retry,In-sufficient funds
Nomsa Mungadzi,040000020089,30,Error,CREDIT.ACCT.NO:1:1=TOO MANY MNEMONIC CHAR.
Nomsa Mungadzi,040000020089,20,Error,Invalid Credit Account
Nomsa Mungadzi,040000020089,50,Error,Invalid Credit Account
Nomsa Mungadzi,040000020089,20,Error,Invalid Credit Account
Nomsa Mungadzi,040000020089,55,Error,Invalid Credit Account
Nyararai Mavemga,040000016267,100,Error,Same Debit and credit account
richard maromo,013000003667,10000,Pending , Waiting Retry,In-sufficient funds
richard maromo,013000003667,500,Pending , Waiting Retry,In-sufficient funds
Ntando Precious Mhlanga,151000033397,50,Pending , Waiting Retry,In-sufficient funds
Ntando Precious Mhlanga,151000033397,50,Pending , Waiting Retry,In-sufficient funds
Felicity Munozogara,100000007654,85,Error,Invalid Credit Account
Felicity Munozogara,100000007654,300,Error,DEBIT.ACCT.NO:1:1=Debit transaction not allowed in Dormant account
Felicity Munozogara,100000007654,400,Error,DEBIT.ACCT.NO:1:1=Debit transaction not allowed in Dormant account
Felicity Munozogara,100000007654,500,Error,DEBIT.ACCT.NO:1:1=Debit transaction not allowed in Dormant account
Felicity Munozogara,100000007654,1500,Error,DEBIT.ACCT.NO:1:1=Debit transaction not allowed in Dormant account
Felicity Munozogara,134000000511,250000,Pending , Waiting Retry,In-sufficient funds
Felicity Munozogara,1000000019474,300,Error,Invalid Debit Account
Felicity Munozogara,100001079907,200,Error,HOLD - OVERRIDE Account 100001079907 is inactive
Tariro Mukanyi,040000037108,100,Error,Invalid Debit Account
Felicity Munozogara,100001079907,85,Error,Invalid Credit Account
Felicity Munozogara,100001079907,300,Error,HOLD - OVERRIDE Account 100001079907 is inactive
Felicity Munozogara,100001079907,400,Error,Invalid Credit Account
Felicity Munozogara,100001079907,500,Error,Invalid Credit Account
Felicity Munozogara,100001079907,1500,Error,HOLD - OVERRIDE Account 100001079907 is inactive
Tariro Mukanyi,040000037108,580,Error,HOLD - OVERRIDE Account 100001503148 - Post No Debits
Felicity Munozogara,134000000511,0,Error,Internet Banking Offline
Felicity Munozogara,134000000511,0,Error,Internet Banking Offline
Felicity Munozogara,134000000511,0,Error,Internet Banking Offline
Felicity Munozogara,134000000511,0,Error,Internet Banking Offline
Felicity Munozogara,134000000511,0,Error,Internet Banking Offline
Felicity Munozogara,134000000511,0,Error,Internet Banking Offline
Felicity Munozogara,134000000511,0,Error,Internet Banking Offline
Tariro Mukanyi,040000037108,500000,Pending , Waiting Retry,Internet Banking Offline
Naume Mazango,040000006515,0,Error,Internet Banking Offline
Tariro Mukanyi,040000037108,0,Error,Internet Banking Offline
Tariro Mukanyi,040000037108,0,Error,Internet Banking Offline
Prince Gurajena,040000291287,85,Error,Same Debit and credit account
Nomsa Mungadzi,040000020089,50,Pending , Waiting Retry,In-sufficient funds
Tariro Mukanyi,040000037108,200,Error,Invalid Debit Account
Tariro Mukanyi,040000037108,2000,Pending , Waiting Retry,In-sufficient funds
Tariro Mukanyi,040000037108,1000,Pending , Waiting Retry,In-sufficient funds
Tariro Mukanyi,040000037108,100,Pending , Waiting Retry,In-sufficient funds
Felicity Munozogara,134000000511,600,Pending , Waiting Retry,In-sufficient funds
Felicity Munozogara,100000007654,250,Error,DEBIT.ACCT.NO:1:1=Debit transaction not allowed in Dormant account
Felicity Munozogara,1000000019474,300,Error,Invalid Debit Account
Felicity Munozogara,100001079907,300,Error,HOLD - OVERRIDE Account 100001079907 is inactive
Felicity Munozogara,100001839378,50,Error,HOLD - OVERRIDE Account 100001076099 is inactive
