Customer Name, Account Number, Amount,Error Description, Reason of Exception
Nontokozo Dube,040000311587,0,Error,Internet Banking Offline
Nontokozo Dube,040000311587,0,Error,Internet Banking Offline
Naomi Mazango,040000006515,2000,Error,No universal account
Naomi Mazango,040000006515,2000,Error,No universal account
Naomi Mazango,040000006515,2000,Error,No universal account
Obert Rugube,147000010392,100,Pending , Waiting Retry,Internet Banking Offline
Paul Makushu,129000082468,205,Pending , Waiting Retry,In-sufficient funds
Paul Makushu,129000082468,200,Error,Issuer or switch inoperative
Paul Makushu,129000082468,200,Pending , Waiting Retry,In-sufficient funds
Lingani Ncube,022000027581,10,Error,CREDIT.ACCT.NO:1:1=TOO MANY MNEMONIC CHAR.
Lingani Ncube,022000027581,10,Error,Invalid Credit Account
Lingani Ncube,022000027581,10,Error,No universal account
Lingani Ncube,022000027581,10,Error,Invalid Credit Account
Priscilla Munyeza,114000000812,8000,Error,PAYMENT.DETAILS:1:1=INVALID SWIFT CHAR.
Walter Mleya,115000003036,3500,Error,
Walter Mleya,115000003036,3500,Pending , Waiting Retry,System Error , Retry Transaction
Sindiso Sibanda,152000007786,50,Error,CREDIT.ACCT.NO:1:1=TOO MANY MNEMONIC CHAR.
Terence Mazivanhanga,040000021212,100,Pending , Waiting Retry,Internet Banking Offline
Betserai Mutanda,100001362504,944,Error,Invalid Credit Account
Betserai Mutanda,100001362504,945,Pending , Waiting Retry,Internet Banking Offline
Kudzanai Emmanuel,040000311598,0,Error,Internet Banking Offline
Betserai Mutanda,100001362504,945,Pending , Waiting Retry,Internet Banking Offline
Kudzanai Emmanuel,040000311598,0,Error,Internet Banking Offline
Kudzanai Emmanuel,040000311598,0,Error,Internet Banking Offline
Prince Gurajena,040000291287,0,Error,Internet Banking Offline
Colleen Chibanda,100003204841,500,Error,PAYMENT.DETAILS:4:1=TOO MANY CHARACTERS
Colleen Chibanda,100003204841,500,Error,PAYMENT.DETAILS:4:1=TOO MANY CHARACTERS
Simbarashe Gowa,040000224927,1300,Error,No universal account
Willard Virimayi Matematema,002000000887,3200,Pending , Waiting Retry,In-sufficient funds
Antoinette Drummond,013000004833,1265.94,Error,Issuer or switch inoperative
Antoinette Drummond,013000004833,160.4,Error,Issuer or switch inoperative
Antoinette Drummond,013000004833,1543.23,Error,Issuer or switch inoperative
Antoinette Drummond,013000004833,2155.77,Error,Issuer or switch inoperative
Antoinette Drummond,013000004833,1479.84,Error,Issuer or switch inoperative
Antoinette Drummond,013000004833,493.28,Error,Issuer or switch inoperative
Antoinette Drummond,013000004833,1376.86,Error,Issuer or switch inoperative
Antoinette Drummond,013000004833,1494.05,Error,Issuer or switch inoperative
Antoinette Drummond,013000004833,1836.83,Error,Issuer or switch inoperative
Antoinette Drummond,013000004833,1321.4,Error,Issuer or switch inoperative
Antoinette Drummond,013000004833,1494.05,Error,Issuer or switch inoperative
Antoinette Drummond,013000004833,1911.46,Error,Issuer or switch inoperative
Antoinette Drummond,013000004833,1865.77,Error,Issuer or switch inoperative
Antoinette Drummond,013000004833,470.97,Error,Issuer or switch inoperative
Antoinette Drummond,013000004833,1494.05,Error,Issuer or switch inoperative
Antoinette Drummond,013000004833,427.74,Error,Issuer or switch inoperative
Antoinette Drummond,013000004833,1265.94,Error,Issuer or switch inoperative
Antoinette Drummond,013000004833,1351.83,Error,Issuer or switch inoperative
Antoinette Drummond,013000004833,1788.14,Error,Issuer or switch inoperative
Antoinette Drummond,013000004833,1438.71,Error,Issuer or switch inoperative
Antoinette Drummond,013000004833,1217.36,Pending , Waiting Retry,System Error , Retry Transaction
Antoinette Drummond,013000004833,1376.86,Error,No universal account
Antoinette Drummond,013000004833,1044.11,Error,
Thandanani Chino,044000220156,300,Error,HOLD - OVERRIDE You have an Excess of ZWL -257.87 on Limit 668919.000OVGB.01
Hlelolwami Ndlovu,129000056912,0,Error,Internet Banking Offline
Antoinette Drummond,013000004833,1044.11,Pending , Waiting Retry,System Error , Retry Transaction
Thandolwenkosi Gabadelah,015000138212,0,Error,Internet Banking Offline
Dianne Margaret Drummond,100003469535,0,Error,Internet Banking Offline
Dianne Margaret Drummond,100003469535,0,Error,Internet Banking Offline
Willard Virimayi Matematema,002000000887,1500,Pending , Waiting Retry,In-sufficient funds
Kudakwashe B Govere,108000003218,80,Error,Issuer or switch inoperative
Wadzanai Kanyuchi,040000019207,1100,Error,Issuer or switch inoperative
Antoinette Drummond,013000004833,13975.5,Error,HOLD - OVERRIDE 05/06/20 100001314739 AVAILABLE BAL ZWL -46.22 BELOW LOCKED AMOUNT 3753.91
Antoinette Drummond,013000004833,7993.87,Error,HOLD - OVERRIDE 05/06/20 100001314698 AVAILABLE BAL ZWL -51.91 BELOW LOCKED AMOUNT 286.79
Barbara Chinzunza,040000173306,10,Error,Issuer or switch inoperative
Prince Gurajena,040000291287,0,Error,Internet Banking Offline
Antoinette Drummond,013000004833,0,Error,Internet Banking Offline
Antoinette Drummond,013000004833,0,Error,Internet Banking Offline
Antoinette Drummond,013000004833,0,Error,Internet Banking Offline
Antoinette Drummond,013000004833,0,Error,Internet Banking Offline
Antoinette Drummond,013000004833,0,Error,Internet Banking Offline
Paradzai Chuma,100001106613,500000,Pending , Waiting Authorisation,
Antoinette Drummond,013000004833,0,Error,Internet Banking Offline
