First Name, Last Name, Date Registered, Type of Customer
Barbara,Chinzunza,2020-05-02 15:59:16,admin
Felicity,Munozogara,2020-05-02 16:01:14,admin
Brian,Sanangurai,2020-05-03 09:06:59,individual
Nelson,Chikasha,2020-05-03 09:09:26,individual
Lingani,Ncube,2020-05-03 09:10:32,individual
Derek,Marawo,2020-05-03 09:31:36,individual
Edah,Sanyamandwe,2020-05-03 10:23:58,individual
Cosmas,Masawo,2020-05-03 10:27:29,individual
Jairos,Tarwireyi,2020-05-03 10:28:36,individual
Sydney,Faifi,2020-05-03 10:29:17,individual
Tichaona,Gomba,2020-05-03 10:30:26,individual
Scholastica,Madibha,2020-05-03 10:31:23,individual
Prisca,Murapa,2020-05-03 10:34:14,individual
Thembani,Ndlovu,2020-05-03 10:35:14,individual
Kudakwashe,Govere,2020-05-03 10:36:05,individual
Noah,Sithole,2020-05-03 10:37:25,individual
Brenda,Mbewe,2020-05-03 10:37:27,admin
Nguquko,ndlovu,2020-05-03 10:40:04,individual
T,Magaya,2020-05-03 10:41:10,individual
Alice,Jeke,2020-05-03 10:42:14,individual
Gilbert,Nhimura,2020-05-03 10:43:09,individual
Freddie,Samapenda,2020-05-03 10:44:50,individual
Godwin,Chiutsi,2020-05-03 10:45:35,individual
Phillemon,Mugumbate,2020-05-03 10:59:38,individual
Ashirayi,Jimu,2020-05-03 11:18:29,individual
Washington,Masocha,2020-05-03 11:23:42,individual
Gerald,Chiromo,2020-05-03 11:29:17,individual
Takunda,Njodzi,2020-05-03 11:30:14,individual
Wilfred,Mhike,2020-05-03 11:46:35,individual
Starline,Mushore,2020-05-03 11:58:41,individual
Victor,Musendo,2020-05-03 14:05:52,individual
Hilton,Marira,2020-05-03 14:11:40,individual
Sibert,Chitokwindo,2020-05-03 15:28:16,individual
Charles,Muza,2020-05-03 17:57:58,individual
Tawanda,Kambani,2020-05-03 18:00:06,individual
ALICE,GUNDA,2020-05-04 07:30:11,individual
William,Tavarwisa,2020-05-04 12:49:15,individual
Ntombizami,Nyathi,2020-05-04 12:50:02,individual
Nkululeko,NSIMBI,2020-05-04 12:51:23,individual
Kudzanai,Emmanuel,2020-05-04 12:53:48,admin
Moses,Mhlanga,2020-05-04 12:54:41,individual
Sharon,Gurupira,2020-05-05 10:16:37,individual
Linda,Matema,2020-05-05 10:50:49,admin
Nontokozo,Dube,2020-05-05 10:51:29,admin
Solina,Chiharahwe,2020-05-05 11:00:27,individual
Tafadzwa,Chikwenya,2020-05-06 08:06:11,admin
Patience,Gatsi,2020-05-07 08:46:24,corporate
Fadzai,Madamombe,2020-05-07 10:37:15,individual
SIMON,CHINYANI,2020-05-08 08:07:03,admin
KUDAKWASHE,RWAMBIWA,2020-05-08 08:09:14,admin
EMMANUEL,CHIMURAMBA,2020-05-08 08:25:19,admin
Prince,Gurajena,2020-05-08 10:15:09,corporate
Prince,Gurajena,2020-05-08 10:19:38,corporate
Prince,Gurajena,2020-05-08 10:23:17,corporate
Prince,Gurajena,2020-05-08 11:03:09,corporate
simon,chinyani,2020-05-08 12:03:06,corporate
Patie,Mhlanga,2020-05-08 12:50:27,admin
Knowledge,Gundiro,2020-05-09 06:26:51,admin
Takura,Masheka,2020-05-09 23:41:00,corporate
Nokutenda,Mazango,2020-05-09 23:43:45,corporate
Kudakwashe Justin,Mazango,2020-05-09 23:48:51,corporate
Brighton,Moyo,2020-05-11 07:32:45,admin
Elizabeth,Godzi,2020-05-11 07:37:29,admin
Inputter,Gmb,2020-05-11 07:46:17,corporate
authoriser,gmb,2020-05-11 07:47:52,corporate
Inputter,National Foods,2020-05-11 07:59:45,corporate
Admin,National Foods,2020-05-11 08:02:09,corporate
Inputter,Chegutu Council,2020-05-11 08:22:36,corporate
Authourizer,Chegutu Council,2020-05-11 08:25:02,corporate
Inputter,Cotton Research,2020-05-11 08:29:16,corporate
Authorizer,Cotton Research,2020-05-11 08:34:15,corporate
Admin,cottonresearch,2020-05-11 08:58:21,corporate
Admin,Gmb,2020-05-11 08:59:13,corporate
Inputter2,Gmb,2020-05-11 09:28:37,corporate
Admin,Silo Foods,2020-05-11 09:31:26,corporate
Authoriser,Silo Foods,2020-05-11 09:32:44,corporate
Simon,Chinyani,2020-05-11 10:11:42,individual
Admin2,Gmb,2020-05-11 11:08:55,corporate
Input,Gmb,2020-05-11 11:13:30,corporate
Admin3,Gmb,2020-05-11 11:23:04,admin
Patience,Mhlanga,2020-05-11 11:39:18,corporate
Authoriser,National Foods,2020-05-11 11:46:28,corporate
Authorizer,cotton research,2020-05-11 11:57:57,corporate
inputter,cottonresearch,2020-05-11 12:01:29,corporate
Authoriser,Gmb,2020-05-11 13:58:58,corporate
