Customer Name, Date Registered, Type of Customer, Date Last Transacted, Days since last Transaction
Knowledge Gundiro,2020-05-09 06:26:51,admin,2020-05-15 12:41:40,10
Patience Gatsi,2020-05-07 08:46:24,corporate,2020-05-15 11:56:20,10
AUTH VOED,2020-05-14 11:34:57,corporate,2020-05-15 11:36:06,10
INPUT1 VOED,2020-05-14 11:34:08,corporate,2020-05-15 11:33:25,10
Admin cottonresearch,2020-05-11 08:58:21,corporate,2020-05-15 10:58:53,10
Sidney Richards,2020-04-23 14:42:00,admin,2020-05-15 10:03:04,10
Prince Gurajena,2020-05-14 19:48:34,admin,2020-05-14 19:48:34,11
Prince Gurajena,2020-04-24 07:25:40,individual,2020-05-14 19:48:02,11
Nomsa Mungadzi,2020-04-24 06:10:50,individual,2020-05-14 14:10:40,11
Vanessa Dzvairo,2020-04-24 05:59:54,individual,2020-05-14 12:56:09,11
Moses Mhlanga,2020-05-04 12:54:41,individual,2020-05-14 12:49:14,11
Gilbert Nhimura,2020-05-03 10:43:09,individual,2020-05-14 12:47:43,11
Nkululeko NSIMBI,2020-05-04 12:51:23,individual,2020-05-14 12:35:21,11
Admin Silo Foods,2020-05-11 09:31:26,corporate,2020-05-14 11:34:13,11
ADMIN VOED,2020-05-14 11:29:56,corporate,2020-05-14 11:32:06,11
Authoriser Selby Ent,2020-05-14 10:02:08,corporate,2020-05-14 10:54:55,11
Authoriser Matana Trading,2020-05-13 09:33:52,corporate,2020-05-14 10:41:47,11
Admin Matana Trading,2020-05-13 09:20:12,corporate,2020-05-14 10:10:02,11
Inputter Matana Trading,2020-05-13 09:31:08,corporate,2020-05-14 09:37:11,11
ZIMLIFE AUTH JNR,2020-05-14 08:13:53,corporate,2020-05-14 08:29:04,11
ZIMLIFE AUTH,2020-05-14 08:12:46,corporate,2020-05-14 08:26:49,11
INPUT ZIMLIFE,2020-05-14 08:10:57,corporate,2020-05-14 08:19:16,11
ZIMLIFE ADMIN,2020-05-14 08:04:37,corporate,2020-05-14 08:05:40,11
Thandeka Nyathi,2020-05-13 20:37:18,corporate,2020-05-13 20:37:18,12
Mitchelle Nyathi,2020-05-13 20:25:40,corporate,2020-05-13 20:29:48,12
Kudakwashe Justin Mazango,2020-05-09 23:48:51,corporate,2020-05-12 12:38:19,13
Nokutenda Mazango,2020-05-09 23:43:45,corporate,2020-05-12 12:32:58,13
Takura Masheka,2020-05-09 23:41:00,corporate,2020-05-12 12:24:01,13
Authoriser2 National Foods,2020-05-12 12:08:25,corporate,2020-05-12 12:13:38,13
Inputter National Foods,2020-05-11 07:59:45,corporate,2020-05-12 12:11:04,13
Admin National Foods,2020-05-11 08:02:09,corporate,2020-05-12 12:06:48,13
Authoriser National Foods,2020-05-11 11:46:28,corporate,2020-05-12 12:05:03,13
Naume Mazango,2020-04-24 05:55:20,corporate,2020-05-12 11:59:40,13
HIL ADMIN,2020-05-12 10:38:17,corporate,2020-05-12 11:00:10,13
Patience Mhlanga,2020-05-11 11:39:18,corporate,2020-05-12 10:05:06,13
IDCADMIN ADMIN1,2020-05-12 08:29:44,corporate,2020-05-12 09:41:33,13
Solomon Chinyani,2020-04-24 06:15:20,individual,2020-05-11 17:12:33,14
Admin3 Gmb,2020-05-11 11:23:04,admin,2020-05-11 11:23:04,14
Simon Chinyani,2020-05-11 10:11:42,individual,2020-05-11 10:13:15,14
Admin Gmb,2020-05-11 08:59:13,corporate,2020-05-11 09:48:34,14
Inputter2 Gmb,2020-05-11 09:28:37,corporate,2020-05-11 09:31:41,14
Authorizer Cotton Research,2020-05-11 08:34:15,corporate,2020-05-11 08:34:28,14
Inputter Cotton Research,2020-05-11 08:29:16,corporate,2020-05-11 08:30:18,14
Authourizer Chegutu Council,2020-05-11 08:25:02,corporate,2020-05-11 08:25:21,14
Inputter Chegutu Council,2020-05-11 08:22:36,corporate,2020-05-11 08:23:26,14
authoriser gmb,2020-05-11 07:47:52,corporate,2020-05-11 07:48:21,14
Inputter Gmb,2020-05-11 07:46:17,corporate,2020-05-11 07:46:26,14
Prince Gurajena,2020-05-08 10:23:17,corporate,2020-05-10 09:29:31,15
Prince Gurajena,2020-05-08 10:15:09,corporate,2020-05-10 09:29:21,15
simon chinyani,2020-05-08 12:03:06,corporate,2020-05-09 07:42:41,16
Gerald Chiromo,2020-05-03 11:29:17,individual,2020-05-08 18:58:55,17
Patie Mhlanga,2020-05-08 12:50:27,admin,2020-05-08 12:52:25,17
Prince Gurajena,2020-05-08 10:19:38,corporate,2020-05-08 12:49:16,17
Nhamo khumbula,2020-04-24 07:51:27,individual,2020-05-08 12:14:36,17
Kundai Mangondoza,2020-04-24 07:54:32,individual,2020-05-07 13:45:12,18
Nyararai Mavemga,2020-04-24 06:12:08,individual,2020-05-07 13:44:44,18
Noah Sithole,2020-05-03 10:37:25,individual,2020-05-07 11:19:39,18
Fadzai Madamombe,2020-05-07 10:37:15,individual,2020-05-07 10:37:15,18
richard maromo,2020-04-24 06:52:54,admin,2020-05-07 10:25:59,18
Brighton Tawanda Moyo,2020-04-26 06:06:21,individual,2020-05-07 10:00:18,18
Ntando Precious Mhlanga,2020-04-24 06:23:14,individual,2020-05-07 08:28:30,18
Virimayi Willard MATEMATEMA,2020-04-24 06:30:09,individual,2020-05-07 06:04:26,18
Tichafa Mawire,2020-04-24 06:51:12,individual,2020-05-06 11:07:56,19
Lingani Ncube,2020-05-03 09:10:32,individual,2020-05-06 09:19:31,19
Hilton Marira,2020-05-03 14:11:40,individual,2020-05-05 15:58:33,20
Godwin Chiutsi,2020-05-03 10:45:35,individual,2020-05-05 12:16:10,20
Solina Chiharahwe,2020-05-05 11:00:27,individual,2020-05-05 11:00:27,20
Linda Matema,2020-05-05 10:50:49,admin,2020-05-05 10:50:49,20
Sharon Gurupira,2020-05-05 10:16:37,individual,2020-05-05 10:25:55,20
ALICE GUNDA,2020-05-04 07:30:11,individual,2020-05-05 07:15:15,20
Victor Musendo,2020-05-03 14:05:52,individual,2020-05-04 15:33:46,21
Phillemon Mugumbate,2020-05-03 10:59:38,individual,2020-05-04 14:57:02,21
Zgambo Jeffrey,2020-04-24 07:47:56,individual,2020-05-04 14:45:25,21
Khumutso Moyo,2020-04-24 06:01:42,individual,2020-05-04 14:18:13,21
Placidia Masitera,2020-04-24 06:24:33,individual,2020-05-04 13:51:36,21
Freddie Samapenda,2020-05-03 10:44:50,individual,2020-05-04 13:42:24,21
Solomon Muendesi,2020-04-24 06:33:09,individual,2020-05-04 13:07:36,21
Madzi Thabiso,2020-04-24 05:53:09,individual,2020-05-04 13:00:49,21
Edah Sanyamandwe,2020-05-03 10:23:58,individual,2020-05-04 13:00:18,21
Kudakwashe Govere,2020-05-03 10:36:05,individual,2020-05-04 12:52:15,21
admire mutawarira,2020-04-24 06:40:57,individual,2020-05-04 12:51:55,21
Ntombizami Nyathi,2020-05-04 12:50:02,individual,2020-05-04 12:50:02,21
William Tavarwisa,2020-05-04 12:49:15,individual,2020-05-04 12:49:15,21
Priscilla Musundire,2020-04-24 06:21:08,individual,2020-05-04 10:59:23,21
Rashayi Bope,2020-04-24 06:59:27,individual,2020-05-04 08:29:13,21
Charles Muza,2020-05-03 17:57:58,individual,2020-05-04 04:50:08,21
Tawanda Kambani,2020-05-03 18:00:06,individual,2020-05-03 18:00:06,22
Barbara Chinzunza,2020-05-02 15:59:16,admin,2020-05-03 15:44:15,22
Sibert Chitokwindo,2020-05-03 15:28:16,individual,2020-05-03 15:28:16,22
Walter Mleya,2020-04-24 06:31:38,individual,2020-05-03 13:38:14,22
Starline Mushore,2020-05-03 11:58:41,individual,2020-05-03 11:58:41,22
Wilfred Mhike,2020-05-03 11:46:35,individual,2020-05-03 11:46:35,22
Washington Masocha,2020-05-03 11:23:42,individual,2020-05-03 11:44:06,22
Takunda Njodzi,2020-05-03 11:30:14,individual,2020-05-03 11:30:14,22
Fadzai Madamombe,2020-04-24 06:13:25,individual,2020-05-03 11:20:19,22
Ashirayi Jimu,2020-05-03 11:18:29,individual,2020-05-03 11:18:29,22
Prisca Murapa,2020-05-03 10:34:14,individual,2020-05-03 11:07:00,22
Nguquko ndlovu,2020-05-03 10:40:04,individual,2020-05-03 10:46:08,22
Alice Jeke,2020-05-03 10:42:14,individual,2020-05-03 10:42:14,22
Sydney Faifi,2020-05-03 10:29:17,individual,2020-05-03 10:40:56,22
Scholastica Madibha,2020-05-03 10:31:23,individual,2020-05-03 10:31:23,22
Tichaona Gomba,2020-05-03 10:30:26,individual,2020-05-03 10:30:26,22
Jairos Tarwireyi,2020-05-03 10:28:36,individual,2020-05-03 10:28:36,22
Cosmas Masawo,2020-05-03 10:27:29,individual,2020-05-03 10:27:29,22
Danmore Chitena,2020-04-24 06:48:26,individual,2020-05-03 10:26:00,22
Primrose Mafodya,2020-04-24 07:03:00,individual,2020-05-03 10:21:02,22
Derek Marawo,2020-05-03 09:31:36,individual,2020-05-03 09:35:31,22
Mirika Chinyama,2020-04-24 07:19:40,individual,2020-05-03 09:32:23,22
Nicholas Matsengarwodzi,2020-04-24 06:49:46,individual,2020-05-03 09:16:03,22
Nelson Chikasha,2020-05-03 09:09:26,individual,2020-05-03 09:09:26,22
Brian Sanangurai,2020-05-03 09:06:59,individual,2020-05-03 09:06:59,22
Bradely Mataruse,2020-04-25 18:48:12,individual,2020-05-02 17:38:11,23
Admire Mukoko,2020-04-23 15:28:26,admin,2020-04-27 04:34:10,28
Naume Mazango,2020-04-26 06:11:00,individual,2020-04-26 06:11:00,29
Dylan Dile,2020-04-25 18:13:11,individual,2020-04-25 18:14:47,30
Douglas Mpariwa,2020-04-24 07:53:13,individual,2020-04-24 07:53:13,31
Brighton T Moyo,2020-04-24 07:44:59,individual,2020-04-24 07:44:59,31
Auth System,2020-04-24 07:38:14,corporate,2020-04-24 07:41:58,31
Prince Gurajena,2020-04-24 07:36:50,corporate,2020-04-24 07:40:04,31
Prince Gurajena,2020-04-24 07:34:06,corporate,2020-04-24 07:34:55,31
Sibert chitokwindo,2020-04-24 07:04:47,individual,2020-04-24 07:04:47,31
Farai Zihove,2020-04-23 14:37:37,admin,2020-04-24 06:59:31,31
Felicity Nyasha Munozogara,2020-04-24 06:45:34,admin,2020-04-24 06:45:34,31
Blessing Chamboko,2020-04-24 06:26:30,individual,2020-04-24 06:26:30,31
Mercy Watadza,2020-04-24 06:19:47,individual,2020-04-24 06:19:47,31
Lightwell Chapungu,2020-04-24 06:09:27,individual,2020-04-24 06:09:27,31
Crytone Mudekwa,2020-04-24 06:06:47,individual,2020-04-24 06:06:47,31
Dzoraivaripasi Mudavanhu,2020-04-24 06:04:44,individual,2020-04-24 06:04:44,31
Ashirayi Jimu,2020-04-24 06:03:19,individual,2020-04-24 06:03:19,31
Brian Sanangurai,2020-04-24 05:49:35,individual,2020-04-24 05:49:35,31
PETER PIPER,2020-04-23 18:58:27,individual,2020-04-23 19:37:35,32
Mufaro Nziramasanga,2020-04-23 14:38:28,admin,2020-04-23 16:15:43,32
Barbara Chinzunza,2020-04-23 15:27:36,admin,2020-04-23 16:15:30,32
Lynn Chingwaru,2020-04-23 15:30:05,admin,2020-04-23 16:15:02,32
