Customer Name, Date Registered, Type of Customer, Date Last Transacted, Days since last Transaction
Admire Mukoko,2020-04-23 15:28:26,admin,2020-04-27 04:34:10,28
Naume Mazango,2020-04-26 06:11:00,individual,2020-04-26 06:11:00,29
Dylan Dile,2020-04-25 18:13:11,individual,2020-04-25 18:14:47,30
Douglas Mpariwa,2020-04-24 07:53:13,individual,2020-04-24 07:53:13,31
Brighton T Moyo,2020-04-24 07:44:59,individual,2020-04-24 07:44:59,31
Auth System,2020-04-24 07:38:14,corporate,2020-04-24 07:41:58,31
Prince Gurajena,2020-04-24 07:36:50,corporate,2020-04-24 07:40:04,31
Prince Gurajena,2020-04-24 07:34:06,corporate,2020-04-24 07:34:55,31
Sibert chitokwindo,2020-04-24 07:04:47,individual,2020-04-24 07:04:47,31
Farai Zihove,2020-04-23 14:37:37,admin,2020-04-24 06:59:31,31
Felicity Nyasha Munozogara,2020-04-24 06:45:34,admin,2020-04-24 06:45:34,31
Blessing Chamboko,2020-04-24 06:26:30,individual,2020-04-24 06:26:30,31
Mercy Watadza,2020-04-24 06:19:47,individual,2020-04-24 06:19:47,31
Lightwell Chapungu,2020-04-24 06:09:27,individual,2020-04-24 06:09:27,31
Crytone Mudekwa,2020-04-24 06:06:47,individual,2020-04-24 06:06:47,31
Dzoraivaripasi Mudavanhu,2020-04-24 06:04:44,individual,2020-04-24 06:04:44,31
Ashirayi Jimu,2020-04-24 06:03:19,individual,2020-04-24 06:03:19,31
Brian Sanangurai,2020-04-24 05:49:35,individual,2020-04-24 05:49:35,31
PETER PIPER,2020-04-23 18:58:27,individual,2020-04-23 19:37:35,32
Mufaro Nziramasanga,2020-04-23 14:38:28,admin,2020-04-23 16:15:43,32
Barbara Chinzunza,2020-04-23 15:27:36,admin,2020-04-23 16:15:30,32
Lynn Chingwaru,2020-04-23 15:30:05,admin,2020-04-23 16:15:02,32
