Customer Name, Date Registered, Type of Customer, Date Last Transacted, Days since last Transaction
Victor Musendo,2020-05-03 14:05:52,individual,2020-05-04 15:33:46,22
Phillemon Mugumbate,2020-05-03 10:59:38,individual,2020-05-04 14:57:02,22
Zgambo Jeffrey,2020-04-24 07:47:56,individual,2020-05-04 14:45:25,22
Khumutso Moyo,2020-04-24 06:01:42,individual,2020-05-04 14:18:13,22
Placidia Masitera,2020-04-24 06:24:33,individual,2020-05-04 13:51:36,22
Freddie Samapenda,2020-05-03 10:44:50,individual,2020-05-04 13:42:24,22
Solomon Muendesi,2020-04-24 06:33:09,individual,2020-05-04 13:07:36,22
Madzi Thabiso,2020-04-24 05:53:09,individual,2020-05-04 13:00:49,22
Edah Sanyamandwe,2020-05-03 10:23:58,individual,2020-05-04 13:00:18,22
Kudakwashe Govere,2020-05-03 10:36:05,individual,2020-05-04 12:52:15,22
admire mutawarira,2020-04-24 06:40:57,individual,2020-05-04 12:51:55,22
Ntombizami Nyathi,2020-05-04 12:50:02,individual,2020-05-04 12:50:02,22
William Tavarwisa,2020-05-04 12:49:15,individual,2020-05-04 12:49:15,22
Priscilla Musundire,2020-04-24 06:21:08,individual,2020-05-04 10:59:23,22
Rashayi Bope,2020-04-24 06:59:27,individual,2020-05-04 08:29:13,22
Charles Muza,2020-05-03 17:57:58,individual,2020-05-04 04:50:08,22
Tawanda Kambani,2020-05-03 18:00:06,individual,2020-05-03 18:00:06,23
Barbara Chinzunza,2020-05-02 15:59:16,admin,2020-05-03 15:44:15,23
Sibert Chitokwindo,2020-05-03 15:28:16,individual,2020-05-03 15:28:16,23
Walter Mleya,2020-04-24 06:31:38,individual,2020-05-03 13:38:14,23
Starline Mushore,2020-05-03 11:58:41,individual,2020-05-03 11:58:41,23
Wilfred Mhike,2020-05-03 11:46:35,individual,2020-05-03 11:46:35,23
Washington Masocha,2020-05-03 11:23:42,individual,2020-05-03 11:44:06,23
Takunda Njodzi,2020-05-03 11:30:14,individual,2020-05-03 11:30:14,23
Fadzai Madamombe,2020-04-24 06:13:25,individual,2020-05-03 11:20:19,23
Ashirayi Jimu,2020-05-03 11:18:29,individual,2020-05-03 11:18:29,23
Prisca Murapa,2020-05-03 10:34:14,individual,2020-05-03 11:07:00,23
Nguquko ndlovu,2020-05-03 10:40:04,individual,2020-05-03 10:46:08,23
Alice Jeke,2020-05-03 10:42:14,individual,2020-05-03 10:42:14,23
Sydney Faifi,2020-05-03 10:29:17,individual,2020-05-03 10:40:56,23
Scholastica Madibha,2020-05-03 10:31:23,individual,2020-05-03 10:31:23,23
Tichaona Gomba,2020-05-03 10:30:26,individual,2020-05-03 10:30:26,23
Jairos Tarwireyi,2020-05-03 10:28:36,individual,2020-05-03 10:28:36,23
Cosmas Masawo,2020-05-03 10:27:29,individual,2020-05-03 10:27:29,23
Danmore Chitena,2020-04-24 06:48:26,individual,2020-05-03 10:26:00,23
Primrose Mafodya,2020-04-24 07:03:00,individual,2020-05-03 10:21:02,23
Derek Marawo,2020-05-03 09:31:36,individual,2020-05-03 09:35:31,23
Mirika Chinyama,2020-04-24 07:19:40,individual,2020-05-03 09:32:23,23
Nicholas Matsengarwodzi,2020-04-24 06:49:46,individual,2020-05-03 09:16:03,23
Nelson Chikasha,2020-05-03 09:09:26,individual,2020-05-03 09:09:26,23
Brian Sanangurai,2020-05-03 09:06:59,individual,2020-05-03 09:06:59,23
Bradely Mataruse,2020-04-25 18:48:12,individual,2020-05-02 17:38:11,24
Admire Mukoko,2020-04-23 15:28:26,admin,2020-04-27 04:34:10,29
Naume Mazango,2020-04-26 06:11:00,individual,2020-04-26 06:11:00,30
Dylan Dile,2020-04-25 18:13:11,individual,2020-04-25 18:14:47,31
Douglas Mpariwa,2020-04-24 07:53:13,individual,2020-04-24 07:53:13,32
Brighton T Moyo,2020-04-24 07:44:59,individual,2020-04-24 07:44:59,32
Auth System,2020-04-24 07:38:14,corporate,2020-04-24 07:41:58,32
Prince Gurajena,2020-04-24 07:36:50,corporate,2020-04-24 07:40:04,32
Prince Gurajena,2020-04-24 07:34:06,corporate,2020-04-24 07:34:55,32
Sibert chitokwindo,2020-04-24 07:04:47,individual,2020-04-24 07:04:47,32
Farai Zihove,2020-04-23 14:37:37,admin,2020-04-24 06:59:31,32
Felicity Nyasha Munozogara,2020-04-24 06:45:34,admin,2020-04-24 06:45:34,32
Blessing Chamboko,2020-04-24 06:26:30,individual,2020-04-24 06:26:30,32
Mercy Watadza,2020-04-24 06:19:47,individual,2020-04-24 06:19:47,32
Lightwell Chapungu,2020-04-24 06:09:27,individual,2020-04-24 06:09:27,32
Crytone Mudekwa,2020-04-24 06:06:47,individual,2020-04-24 06:06:47,32
Dzoraivaripasi Mudavanhu,2020-04-24 06:04:44,individual,2020-04-24 06:04:44,32
Ashirayi Jimu,2020-04-24 06:03:19,individual,2020-04-24 06:03:19,32
Brian Sanangurai,2020-04-24 05:49:35,individual,2020-04-24 05:49:35,32
PETER PIPER,2020-04-23 18:58:27,individual,2020-04-23 19:37:35,33
Mufaro Nziramasanga,2020-04-23 14:38:28,admin,2020-04-23 16:15:43,33
Barbara Chinzunza,2020-04-23 15:27:36,admin,2020-04-23 16:15:30,33
Lynn Chingwaru,2020-04-23 15:30:05,admin,2020-04-23 16:15:02,33
