Customer Name, Date Registered, Type of Customer, Date Last Transacted, Days since last Transaction
Prince Gurajena,2020-05-23 11:10:17,admin,2020-05-20 17:09:33,4
Merry Phiri,2020-05-23 14:34:10,admin,2020-05-19 07:11:02,5
Farai Zihove,2020-04-23 14:37:37,admin,2020-04-24 06:59:31,30
Mufaro Nziramasanga,2020-04-23 14:38:28,admin,2020-04-23 16:15:43,31
Sidney Richards,2020-04-23 14:42:00,admin,2020-05-15 10:03:04,9
Barbara Chinzunza,2020-04-23 15:27:36,admin,2020-04-23 16:15:30,31
Admire Mukoko,2020-04-23 15:28:26,admin,2020-04-27 04:34:10,27
Lynn Chingwaru,2020-04-23 15:30:05,admin,2020-04-23 16:15:02,31
James Chikanga,2020-04-23 16:03:31,admin,2020-05-20 14:28:44,4
PETER PIPER,2020-04-23 18:58:27,individual,2020-04-23 19:37:35,31
Brenda Mbewe,2020-04-24 05:41:53,admin,2020-05-20 17:11:10,4
Tariro Mukanyi,2020-04-24 05:46:39,admin,2020-05-20 06:32:42,4
Brian Sanangurai,2020-04-24 05:49:35,individual,2020-04-24 05:49:35,30
Madzi Thabiso,2020-04-24 05:53:09,individual,2020-05-04 13:00:49,20
Naume Mazango,2020-04-24 05:55:20,corporate,2020-05-12 11:59:40,12
Vanessa Dzvairo,2020-04-24 05:59:54,individual,2020-05-14 12:56:09,10
Khumutso Moyo,2020-04-24 06:01:42,individual,2020-05-04 14:18:13,20
Ashirayi Jimu,2020-04-24 06:03:19,individual,2020-04-24 06:03:19,30
Dzoraivaripasi Mudavanhu,2020-04-24 06:04:44,individual,2020-04-24 06:04:44,30
Crytone Mudekwa,2020-04-24 06:06:47,individual,2020-04-24 06:06:47,30
Lightwell Chapungu,2020-04-24 06:09:27,individual,2020-04-24 06:09:27,30
Nomsa Mungadzi,2020-04-24 06:10:50,individual,2020-05-14 14:10:40,10
Nyararai Mavemga,2020-04-24 06:12:08,individual,2020-05-07 13:44:44,17
Fadzai Madamombe,2020-04-24 06:13:25,individual,2020-05-03 11:20:19,21
Solomon Chinyani,2020-04-24 06:15:20,individual,2020-05-11 17:12:33,13
Mercy Watadza,2020-04-24 06:19:47,individual,2020-04-24 06:19:47,30
Priscilla Musundire,2020-04-24 06:21:08,individual,2020-05-04 10:59:23,20
Ntando Precious Mhlanga,2020-04-24 06:23:14,individual,2020-05-07 08:28:30,17
Placidia Masitera,2020-04-24 06:24:33,individual,2020-05-04 13:51:36,20
Blessing Chamboko,2020-04-24 06:26:30,individual,2020-04-24 06:26:30,30
Virimayi Willard MATEMATEMA,2020-04-24 06:30:09,individual,2020-05-07 06:04:26,17
Walter Mleya,2020-04-24 06:31:38,individual,2020-05-03 13:38:14,21
Solomon Muendesi,2020-04-24 06:33:09,individual,2020-05-04 13:07:36,20
admire mutawarira,2020-04-24 06:40:57,individual,2020-05-04 12:51:55,20
Elizabeth Chitereka,2020-04-24 06:43:56,admin,2020-05-20 15:22:11,4
Felicity Nyasha Munozogara,2020-04-24 06:45:34,admin,2020-04-24 06:45:34,30
Danmore Chitena,2020-04-24 06:48:26,individual,2020-05-03 10:26:00,21
Nicholas Matsengarwodzi,2020-04-24 06:49:46,individual,2020-05-03 09:16:03,21
Tichafa Mawire,2020-04-24 06:51:12,individual,2020-05-06 11:07:56,18
richard maromo,2020-04-24 06:52:54,admin,2020-05-07 10:25:59,17
Rashayi Bope,2020-04-24 06:59:27,individual,2020-05-04 08:29:13,20
Primrose Mafodya,2020-04-24 07:03:00,individual,2020-05-03 10:21:02,21
Sibert chitokwindo,2020-04-24 07:04:47,individual,2020-04-24 07:04:47,30
Mirika Chinyama,2020-04-24 07:19:40,individual,2020-05-03 09:32:23,21
Prince Gurajena,2020-04-24 07:25:40,individual,2020-05-14 19:48:02,10
Prince Gurajena,2020-04-24 07:34:06,corporate,2020-04-24 07:34:55,30
Prince Gurajena,2020-04-24 07:36:50,corporate,2020-04-24 07:40:04,30
Auth System,2020-04-24 07:38:14,corporate,2020-04-24 07:41:58,30
wonder Mpinga,2020-04-24 07:43:11,individual,2020-05-20 06:34:16,4
Brighton T Moyo,2020-04-24 07:44:59,individual,2020-04-24 07:44:59,30
Zgambo Jeffrey,2020-04-24 07:47:56,individual,2020-05-04 14:45:25,20
Nhamo khumbula,2020-04-24 07:51:27,individual,2020-05-08 12:14:36,16
Douglas Mpariwa,2020-04-24 07:53:13,individual,2020-04-24 07:53:13,30
Kundai Mangondoza,2020-04-24 07:54:32,individual,2020-05-07 13:45:12,17
Cephas Ziteya,2020-04-25 17:54:58,admin,2020-05-20 13:20:56,4
Dylan Dile,2020-04-25 18:13:11,individual,2020-04-25 18:14:47,29
Bradely Mataruse,2020-04-25 18:48:12,individual,2020-05-02 17:38:11,22
Nelson Chikasha,2020-04-26 06:01:25,individual,2020-05-16 08:18:28,8
Brighton Tawanda Moyo,2020-04-26 06:06:21,individual,2020-05-07 10:00:18,17
Naume Mazango,2020-04-26 06:11:00,individual,2020-04-26 06:11:00,28
Derek Marawo,2020-04-26 06:55:02,admin,2020-05-19 06:36:46,5
Barbara Chinzunza,2020-05-02 15:59:16,admin,2020-05-03 15:44:15,21
Felicity Munozogara,2020-05-02 16:01:14,admin,2020-05-19 09:51:42,5
Brian Sanangurai,2020-05-03 09:06:59,individual,2020-05-03 09:06:59,21
Nelson Chikasha,2020-05-03 09:09:26,individual,2020-05-03 09:09:26,21
Lingani Ncube,2020-05-03 09:10:32,individual,2020-05-06 09:19:31,18
Derek Marawo,2020-05-03 09:31:36,individual,2020-05-03 09:35:31,21
Edah Sanyamandwe,2020-05-03 10:23:58,individual,2020-05-04 13:00:18,20
Cosmas Masawo,2020-05-03 10:27:29,individual,2020-05-03 10:27:29,21
Jairos Tarwireyi,2020-05-03 10:28:36,individual,2020-05-03 10:28:36,21
Sydney Faifi,2020-05-03 10:29:17,individual,2020-05-03 10:40:56,21
Tichaona Gomba,2020-05-03 10:30:26,individual,2020-05-03 10:30:26,21
Scholastica Madibha,2020-05-03 10:31:23,individual,2020-05-03 10:31:23,21
Prisca Murapa,2020-05-03 10:34:14,individual,2020-05-03 11:07:00,21
Thembani Ndlovu,2020-05-03 10:35:14,individual,2020-05-18 10:51:03,6
Kudakwashe Govere,2020-05-03 10:36:05,individual,2020-05-04 12:52:15,20
Noah Sithole,2020-05-03 10:37:25,individual,2020-05-07 11:19:39,17
Brenda Mbewe,2020-05-03 10:37:27,admin,2020-05-20 17:17:53,4
Nguquko ndlovu,2020-05-03 10:40:04,individual,2020-05-03 10:46:08,21
T Magaya,2020-05-03 10:41:10,individual,2020-05-16 09:40:42,8
Alice Jeke,2020-05-03 10:42:14,individual,2020-05-03 10:42:14,21
Gilbert Nhimura,2020-05-03 10:43:09,individual,2020-05-14 12:47:43,10
Freddie Samapenda,2020-05-03 10:44:50,individual,2020-05-04 13:42:24,20
Godwin Chiutsi,2020-05-03 10:45:35,individual,2020-05-05 12:16:10,19
Phillemon Mugumbate,2020-05-03 10:59:38,individual,2020-05-04 14:57:02,20
Ashirayi Jimu,2020-05-03 11:18:29,individual,2020-05-03 11:18:29,21
Washington Masocha,2020-05-03 11:23:42,individual,2020-05-03 11:44:06,21
Gerald Chiromo,2020-05-03 11:29:17,individual,2020-05-08 18:58:55,16
Takunda Njodzi,2020-05-03 11:30:14,individual,2020-05-03 11:30:14,21
Wilfred Mhike,2020-05-03 11:46:35,individual,2020-05-03 11:46:35,21
Starline Mushore,2020-05-03 11:58:41,individual,2020-05-03 11:58:41,21
Victor Musendo,2020-05-03 14:05:52,individual,2020-05-04 15:33:46,20
Hilton Marira,2020-05-03 14:11:40,individual,2020-05-05 15:58:33,19
Sibert Chitokwindo,2020-05-03 15:28:16,individual,2020-05-03 15:28:16,21
Charles Muza,2020-05-03 17:57:58,individual,2020-05-04 04:50:08,20
Tawanda Kambani,2020-05-03 18:00:06,individual,2020-05-03 18:00:06,21
ALICE GUNDA,2020-05-04 07:30:11,individual,2020-05-05 07:15:15,19
William Tavarwisa,2020-05-04 12:49:15,individual,2020-05-04 12:49:15,20
Ntombizami Nyathi,2020-05-04 12:50:02,individual,2020-05-04 12:50:02,20
Nkululeko NSIMBI,2020-05-04 12:51:23,individual,2020-05-14 12:35:21,10
Kudzanai Emmanuel,2020-05-04 12:53:48,admin,2020-05-20 15:44:32,4
Moses Mhlanga,2020-05-04 12:54:41,individual,2020-05-14 12:49:14,10
Sharon Gurupira,2020-05-05 10:16:37,individual,2020-05-05 10:25:55,19
Linda Matema,2020-05-05 10:50:49,admin,2020-05-05 10:50:49,19
Nontokozo Dube,2020-05-05 10:51:29,admin,2020-05-20 13:53:44,4
Solina Chiharahwe,2020-05-05 11:00:27,individual,2020-05-05 11:00:27,19
Tafadzwa Chikwenya,2020-05-06 08:06:11,admin,2020-05-20 17:10:13,4
Patience Gatsi,2020-05-07 08:46:24,corporate,2020-05-15 11:56:20,9
Fadzai Madamombe,2020-05-07 10:37:15,individual,2020-05-07 10:37:15,17
SIMON CHINYANI,2020-05-08 08:07:03,admin,2020-05-19 07:51:58,5
KUDAKWASHE RWAMBIWA,2020-05-08 08:09:14,admin,2020-05-19 07:28:13,5
EMMANUEL CHIMURAMBA,2020-05-08 08:25:19,admin,2020-05-20 09:01:32,4
Prince Gurajena,2020-05-08 10:15:09,corporate,2020-05-10 09:29:21,14
Prince Gurajena,2020-05-08 10:19:38,corporate,2020-05-08 12:49:16,16
Prince Gurajena,2020-05-08 10:23:17,corporate,2020-05-10 09:29:31,14
Prince Gurajena,2020-05-08 11:03:09,corporate,2020-05-19 12:12:56,5
simon chinyani,2020-05-08 12:03:06,corporate,2020-05-09 07:42:41,15
Patie Mhlanga,2020-05-08 12:50:27,admin,2020-05-08 12:52:25,16
Knowledge Gundiro,2020-05-09 06:26:51,admin,2020-05-15 12:41:40,9
Takura Masheka,2020-05-09 23:41:00,corporate,2020-05-12 12:24:01,12
Nokutenda Mazango,2020-05-09 23:43:45,corporate,2020-05-12 12:32:58,12
Kudakwashe Justin Mazango,2020-05-09 23:48:51,corporate,2020-05-12 12:38:19,12
Brighton Moyo,2020-05-11 07:32:45,admin,2020-05-19 07:40:20,5
Elizabeth Godzi,2020-05-11 07:37:29,admin,2020-05-18 13:06:05,6
Inputter Gmb,2020-05-11 07:46:17,corporate,2020-05-11 07:46:26,13
authoriser gmb,2020-05-11 07:47:52,corporate,2020-05-11 07:48:21,13
Inputter National Foods,2020-05-11 07:59:45,corporate,2020-05-12 12:11:04,12
Admin National Foods,2020-05-11 08:02:09,corporate,2020-05-12 12:06:48,12
Inputter Chegutu Council,2020-05-11 08:22:36,corporate,2020-05-11 08:23:26,13
Authourizer Chegutu Council,2020-05-11 08:25:02,corporate,2020-05-11 08:25:21,13
Inputter Cotton Research,2020-05-11 08:29:16,corporate,2020-05-11 08:30:18,13
Authorizer Cotton Research,2020-05-11 08:34:15,corporate,2020-05-11 08:34:28,13
Admin cottonresearch,2020-05-11 08:58:21,corporate,2020-05-15 10:58:53,9
Admin Gmb,2020-05-11 08:59:13,corporate,2020-05-11 09:48:34,13
Inputter2 Gmb,2020-05-11 09:28:37,corporate,2020-05-11 09:31:41,13
Admin Silo Foods,2020-05-11 09:31:26,corporate,2020-05-14 11:34:13,10
Authoriser Silo Foods,2020-05-11 09:32:44,corporate,2020-05-16 09:09:44,8
Simon Chinyani,2020-05-11 10:11:42,individual,2020-05-11 10:13:15,13
Admin2 Gmb,2020-05-11 11:08:55,corporate,2020-05-19 07:51:24,5
Input Gmb,2020-05-11 11:13:30,corporate,2020-05-20 07:28:50,4
Admin3 Gmb,2020-05-11 11:23:04,admin,2020-05-11 11:23:04,13
Patience Mhlanga,2020-05-11 11:39:18,corporate,2020-05-12 10:05:06,12
Authoriser National Foods,2020-05-11 11:46:28,corporate,2020-05-12 12:05:03,12
Authorizer cotton research,2020-05-11 11:57:57,corporate,2020-05-20 06:04:34,4
inputter cottonresearch,2020-05-11 12:01:29,corporate,2020-05-20 12:09:00,4
Authoriser Gmb,2020-05-11 13:58:58,corporate,2020-05-20 08:44:25,4
IDCADMIN ADMIN1,2020-05-12 08:29:44,corporate,2020-05-12 09:41:33,12
IDCZ Inputter1,2020-05-12 08:59:43,corporate,2020-05-16 10:07:34,8
IDCZ Autho1,2020-05-12 09:03:27,corporate,2020-05-16 10:13:17,8
HIL ADMIN,2020-05-12 10:38:17,corporate,2020-05-12 11:00:10,12
HIL INPUT,2020-05-12 11:07:35,corporate,2020-05-19 11:13:33,5
HIL AUTH1,2020-05-12 11:08:32,corporate,2020-05-19 11:15:17,5
HIL AUTH2,2020-05-12 11:09:28,corporate,2020-05-19 11:16:06,5
Authoriser2 National Foods,2020-05-12 12:08:25,corporate,2020-05-12 12:13:38,12
Admin Matana Trading,2020-05-13 09:20:12,corporate,2020-05-14 10:10:02,10
Inputter Matana Trading,2020-05-13 09:31:08,corporate,2020-05-14 09:37:11,10
Authoriser Matana Trading,2020-05-13 09:33:52,corporate,2020-05-14 10:41:47,10
Mitchelle Nyathi,2020-05-13 20:25:40,corporate,2020-05-13 20:29:48,11
Thandeka Nyathi,2020-05-13 20:37:18,corporate,2020-05-13 20:37:18,11
ZIMLIFE ADMIN,2020-05-14 08:04:37,corporate,2020-05-14 08:05:40,10
INPUT ZIMLIFE,2020-05-14 08:10:57,corporate,2020-05-14 08:19:16,10
ZIMLIFE AUTH,2020-05-14 08:12:46,corporate,2020-05-14 08:26:49,10
ZIMLIFE AUTH JNR,2020-05-14 08:13:53,corporate,2020-05-14 08:29:04,10
Admin Selby Ent,2020-05-14 08:22:22,corporate,2020-05-16 08:50:05,8
Inputter Selby Ent,2020-05-14 10:01:13,corporate,2020-05-19 10:10:02,5
Authoriser Selby Ent,2020-05-14 10:02:08,corporate,2020-05-14 10:54:55,10
ADMIN VOED,2020-05-14 11:29:56,corporate,2020-05-14 11:32:06,10
INPUT1 VOED,2020-05-14 11:34:08,corporate,2020-05-15 11:33:25,9
AUTH VOED,2020-05-14 11:34:57,corporate,2020-05-15 11:36:06,9
Inputter Silo foods,2020-05-14 11:35:14,corporate,2020-05-18 08:31:37,6
Prince Gurajena,2020-05-14 19:48:34,admin,2020-05-14 19:48:34,10
SELBY ADMIN,2020-05-16 08:48:41,corporate,2020-05-16 08:48:45,8
INPUT SELBY,2020-05-16 08:52:04,corporate,2020-05-16 08:53:56,8
FP ADMIN,2020-05-16 09:25:44,corporate,2020-05-16 09:27:42,8
MULTI FP,2020-05-16 09:29:13,corporate,2020-05-16 10:35:42,8
Admin Gain Cash and Carry Pvt Ltd,2020-05-16 10:08:17,corporate,2020-05-19 09:54:18,5
Inputter Gain Cash and Carry Pvt Ltd,2020-05-16 10:13:01,corporate,2020-05-19 09:52:49,5
Authoriser1 Gain Cash and Carry Pvt ltd,2020-05-16 10:13:57,corporate,2020-05-19 09:55:33,5
Auth2 Gain Cash and Carry Pvt Ltd,2020-05-16 10:14:45,corporate,2020-05-16 10:23:56,8
Admin Accuride Technologies,2020-05-18 10:01:40,corporate,2020-05-18 10:11:51,6
Inputter Accuride Technologies,2020-05-18 10:12:53,corporate,2020-05-19 11:37:02,5
Authoriser Accuride Technologies,2020-05-18 10:14:03,corporate,2020-05-19 11:39:12,5
ADMIN SISONKE,2020-05-18 13:00:52,corporate,2020-05-18 13:01:45,6
MULTI SISONKE,2020-05-18 13:02:51,corporate,2020-05-19 07:29:15,5
Authoriser1 Gmb,2020-05-19 07:17:09,corporate,2020-05-19 08:04:28,5
ADMIN MXO,2020-05-19 07:37:41,corporate,2020-05-19 07:38:23,5
MULTI mx,2020-05-19 07:39:28,corporate,2020-05-19 07:41:12,5
Tinashe TOM,2020-05-19 09:49:27,individual,2020-05-19 10:03:52,5
Erasmas Ngandu,2020-05-20 15:28:12,admin,2020-05-20 15:28:37,4
