Customer Name, Date Registered, Type of Customer, Date Last Transacted, Days since last Transaction
Douglas Mpariwa,2020-04-24 07:53:13,individual,2020-04-24 07:53:13,32
Brighton T Moyo,2020-04-24 07:44:59,individual,2020-04-24 07:44:59,32
Auth System,2020-04-24 07:38:14,corporate,2020-04-24 07:41:58,32
Prince Gurajena,2020-04-24 07:36:50,corporate,2020-04-24 07:40:04,32
Prince Gurajena,2020-04-24 07:34:06,corporate,2020-04-24 07:34:55,32
Sibert chitokwindo,2020-04-24 07:04:47,individual,2020-04-24 07:04:47,32
Farai Zihove,2020-04-23 14:37:37,admin,2020-04-24 06:59:31,32
Felicity Nyasha Munozogara,2020-04-24 06:45:34,admin,2020-04-24 06:45:34,32
Blessing Chamboko,2020-04-24 06:26:30,individual,2020-04-24 06:26:30,32
Mercy Watadza,2020-04-24 06:19:47,individual,2020-04-24 06:19:47,32
Lightwell Chapungu,2020-04-24 06:09:27,individual,2020-04-24 06:09:27,32
Crytone Mudekwa,2020-04-24 06:06:47,individual,2020-04-24 06:06:47,32
Dzoraivaripasi Mudavanhu,2020-04-24 06:04:44,individual,2020-04-24 06:04:44,32
Ashirayi Jimu,2020-04-24 06:03:19,individual,2020-04-24 06:03:19,32
Brian Sanangurai,2020-04-24 05:49:35,individual,2020-04-24 05:49:35,32
PETER PIPER,2020-04-23 18:58:27,individual,2020-04-23 19:37:35,33
Mufaro Nziramasanga,2020-04-23 14:38:28,admin,2020-04-23 16:15:43,33
Barbara Chinzunza,2020-04-23 15:27:36,admin,2020-04-23 16:15:30,33
Lynn Chingwaru,2020-04-23 15:30:05,admin,2020-04-23 16:15:02,33
