Customer Name, Date Registered, Type of Customer, Date Last Transacted, Days since last Transaction
Prince Gurajena,2020-05-14 19:48:34,admin,2020-05-14 19:48:34,12
Prince Gurajena,2020-04-24 07:25:40,individual,2020-05-14 19:48:02,12
Nomsa Mungadzi,2020-04-24 06:10:50,individual,2020-05-14 14:10:40,12
Vanessa Dzvairo,2020-04-24 05:59:54,individual,2020-05-14 12:56:09,12
Moses Mhlanga,2020-05-04 12:54:41,individual,2020-05-14 12:49:14,12
Gilbert Nhimura,2020-05-03 10:43:09,individual,2020-05-14 12:47:43,12
Nkululeko NSIMBI,2020-05-04 12:51:23,individual,2020-05-14 12:35:21,12
Admin Silo Foods,2020-05-11 09:31:26,corporate,2020-05-14 11:34:13,12
ADMIN VOED,2020-05-14 11:29:56,corporate,2020-05-14 11:32:06,12
Authoriser Selby Ent,2020-05-14 10:02:08,corporate,2020-05-14 10:54:55,12
Authoriser Matana Trading,2020-05-13 09:33:52,corporate,2020-05-14 10:41:47,12
Admin Matana Trading,2020-05-13 09:20:12,corporate,2020-05-14 10:10:02,12
Inputter Matana Trading,2020-05-13 09:31:08,corporate,2020-05-14 09:37:11,12
ZIMLIFE AUTH JNR,2020-05-14 08:13:53,corporate,2020-05-14 08:29:04,12
ZIMLIFE AUTH,2020-05-14 08:12:46,corporate,2020-05-14 08:26:49,12
INPUT ZIMLIFE,2020-05-14 08:10:57,corporate,2020-05-14 08:19:16,12
ZIMLIFE ADMIN,2020-05-14 08:04:37,corporate,2020-05-14 08:05:40,12
Thandeka Nyathi,2020-05-13 20:37:18,corporate,2020-05-13 20:37:18,13
Mitchelle Nyathi,2020-05-13 20:25:40,corporate,2020-05-13 20:29:48,13
Kudakwashe Justin Mazango,2020-05-09 23:48:51,corporate,2020-05-12 12:38:19,14
Nokutenda Mazango,2020-05-09 23:43:45,corporate,2020-05-12 12:32:58,14
Takura Masheka,2020-05-09 23:41:00,corporate,2020-05-12 12:24:01,14
Authoriser2 National Foods,2020-05-12 12:08:25,corporate,2020-05-12 12:13:38,14
Inputter National Foods,2020-05-11 07:59:45,corporate,2020-05-12 12:11:04,14
Admin National Foods,2020-05-11 08:02:09,corporate,2020-05-12 12:06:48,14
Authoriser National Foods,2020-05-11 11:46:28,corporate,2020-05-12 12:05:03,14
Naume Mazango,2020-04-24 05:55:20,corporate,2020-05-12 11:59:40,14
HIL ADMIN,2020-05-12 10:38:17,corporate,2020-05-12 11:00:10,14
Patience Mhlanga,2020-05-11 11:39:18,corporate,2020-05-12 10:05:06,14
IDCADMIN ADMIN1,2020-05-12 08:29:44,corporate,2020-05-12 09:41:33,14
Solomon Chinyani,2020-04-24 06:15:20,individual,2020-05-11 17:12:33,15
Admin3 Gmb,2020-05-11 11:23:04,admin,2020-05-11 11:23:04,15
Simon Chinyani,2020-05-11 10:11:42,individual,2020-05-11 10:13:15,15
Admin Gmb,2020-05-11 08:59:13,corporate,2020-05-11 09:48:34,15
Inputter2 Gmb,2020-05-11 09:28:37,corporate,2020-05-11 09:31:41,15
Authorizer Cotton Research,2020-05-11 08:34:15,corporate,2020-05-11 08:34:28,15
Inputter Cotton Research,2020-05-11 08:29:16,corporate,2020-05-11 08:30:18,15
Authourizer Chegutu Council,2020-05-11 08:25:02,corporate,2020-05-11 08:25:21,15
Inputter Chegutu Council,2020-05-11 08:22:36,corporate,2020-05-11 08:23:26,15
authoriser gmb,2020-05-11 07:47:52,corporate,2020-05-11 07:48:21,15
Inputter Gmb,2020-05-11 07:46:17,corporate,2020-05-11 07:46:26,15
Prince Gurajena,2020-05-08 10:23:17,corporate,2020-05-10 09:29:31,16
Prince Gurajena,2020-05-08 10:15:09,corporate,2020-05-10 09:29:21,16
simon chinyani,2020-05-08 12:03:06,corporate,2020-05-09 07:42:41,17
Gerald Chiromo,2020-05-03 11:29:17,individual,2020-05-08 18:58:55,18
Patie Mhlanga,2020-05-08 12:50:27,admin,2020-05-08 12:52:25,18
Prince Gurajena,2020-05-08 10:19:38,corporate,2020-05-08 12:49:16,18
Nhamo khumbula,2020-04-24 07:51:27,individual,2020-05-08 12:14:36,18
Kundai Mangondoza,2020-04-24 07:54:32,individual,2020-05-07 13:45:12,19
Nyararai Mavemga,2020-04-24 06:12:08,individual,2020-05-07 13:44:44,19
Noah Sithole,2020-05-03 10:37:25,individual,2020-05-07 11:19:39,19
Fadzai Madamombe,2020-05-07 10:37:15,individual,2020-05-07 10:37:15,19
richard maromo,2020-04-24 06:52:54,admin,2020-05-07 10:25:59,19
Brighton Tawanda Moyo,2020-04-26 06:06:21,individual,2020-05-07 10:00:18,19
Ntando Precious Mhlanga,2020-04-24 06:23:14,individual,2020-05-07 08:28:30,19
Virimayi Willard MATEMATEMA,2020-04-24 06:30:09,individual,2020-05-07 06:04:26,19
Tichafa Mawire,2020-04-24 06:51:12,individual,2020-05-06 11:07:56,20
Lingani Ncube,2020-05-03 09:10:32,individual,2020-05-06 09:19:31,20
Hilton Marira,2020-05-03 14:11:40,individual,2020-05-05 15:58:33,21
Godwin Chiutsi,2020-05-03 10:45:35,individual,2020-05-05 12:16:10,21
Solina Chiharahwe,2020-05-05 11:00:27,individual,2020-05-05 11:00:27,21
Linda Matema,2020-05-05 10:50:49,admin,2020-05-05 10:50:49,21
Sharon Gurupira,2020-05-05 10:16:37,individual,2020-05-05 10:25:55,21
ALICE GUNDA,2020-05-04 07:30:11,individual,2020-05-05 07:15:15,21
Victor Musendo,2020-05-03 14:05:52,individual,2020-05-04 15:33:46,22
Phillemon Mugumbate,2020-05-03 10:59:38,individual,2020-05-04 14:57:02,22
Zgambo Jeffrey,2020-04-24 07:47:56,individual,2020-05-04 14:45:25,22
Khumutso Moyo,2020-04-24 06:01:42,individual,2020-05-04 14:18:13,22
Placidia Masitera,2020-04-24 06:24:33,individual,2020-05-04 13:51:36,22
Freddie Samapenda,2020-05-03 10:44:50,individual,2020-05-04 13:42:24,22
Solomon Muendesi,2020-04-24 06:33:09,individual,2020-05-04 13:07:36,22
Madzi Thabiso,2020-04-24 05:53:09,individual,2020-05-04 13:00:49,22
Edah Sanyamandwe,2020-05-03 10:23:58,individual,2020-05-04 13:00:18,22
Kudakwashe Govere,2020-05-03 10:36:05,individual,2020-05-04 12:52:15,22
admire mutawarira,2020-04-24 06:40:57,individual,2020-05-04 12:51:55,22
Ntombizami Nyathi,2020-05-04 12:50:02,individual,2020-05-04 12:50:02,22
William Tavarwisa,2020-05-04 12:49:15,individual,2020-05-04 12:49:15,22
Priscilla Musundire,2020-04-24 06:21:08,individual,2020-05-04 10:59:23,22
Rashayi Bope,2020-04-24 06:59:27,individual,2020-05-04 08:29:13,22
Charles Muza,2020-05-03 17:57:58,individual,2020-05-04 04:50:08,22
Tawanda Kambani,2020-05-03 18:00:06,individual,2020-05-03 18:00:06,23
Barbara Chinzunza,2020-05-02 15:59:16,admin,2020-05-03 15:44:15,23
Sibert Chitokwindo,2020-05-03 15:28:16,individual,2020-05-03 15:28:16,23
Walter Mleya,2020-04-24 06:31:38,individual,2020-05-03 13:38:14,23
Starline Mushore,2020-05-03 11:58:41,individual,2020-05-03 11:58:41,23
Wilfred Mhike,2020-05-03 11:46:35,individual,2020-05-03 11:46:35,23
Washington Masocha,2020-05-03 11:23:42,individual,2020-05-03 11:44:06,23
Takunda Njodzi,2020-05-03 11:30:14,individual,2020-05-03 11:30:14,23
Fadzai Madamombe,2020-04-24 06:13:25,individual,2020-05-03 11:20:19,23
Ashirayi Jimu,2020-05-03 11:18:29,individual,2020-05-03 11:18:29,23
Prisca Murapa,2020-05-03 10:34:14,individual,2020-05-03 11:07:00,23
Nguquko ndlovu,2020-05-03 10:40:04,individual,2020-05-03 10:46:08,23
Alice Jeke,2020-05-03 10:42:14,individual,2020-05-03 10:42:14,23
Sydney Faifi,2020-05-03 10:29:17,individual,2020-05-03 10:40:56,23
Scholastica Madibha,2020-05-03 10:31:23,individual,2020-05-03 10:31:23,23
Tichaona Gomba,2020-05-03 10:30:26,individual,2020-05-03 10:30:26,23
Jairos Tarwireyi,2020-05-03 10:28:36,individual,2020-05-03 10:28:36,23
Cosmas Masawo,2020-05-03 10:27:29,individual,2020-05-03 10:27:29,23
Danmore Chitena,2020-04-24 06:48:26,individual,2020-05-03 10:26:00,23
Primrose Mafodya,2020-04-24 07:03:00,individual,2020-05-03 10:21:02,23
Derek Marawo,2020-05-03 09:31:36,individual,2020-05-03 09:35:31,23
Mirika Chinyama,2020-04-24 07:19:40,individual,2020-05-03 09:32:23,23
Nicholas Matsengarwodzi,2020-04-24 06:49:46,individual,2020-05-03 09:16:03,23
Nelson Chikasha,2020-05-03 09:09:26,individual,2020-05-03 09:09:26,23
Brian Sanangurai,2020-05-03 09:06:59,individual,2020-05-03 09:06:59,23
Bradely Mataruse,2020-04-25 18:48:12,individual,2020-05-02 17:38:11,24
Admire Mukoko,2020-04-23 15:28:26,admin,2020-04-27 04:34:10,29
Naume Mazango,2020-04-26 06:11:00,individual,2020-04-26 06:11:00,30
Dylan Dile,2020-04-25 18:13:11,individual,2020-04-25 18:14:47,31
Douglas Mpariwa,2020-04-24 07:53:13,individual,2020-04-24 07:53:13,32
Brighton T Moyo,2020-04-24 07:44:59,individual,2020-04-24 07:44:59,32
Auth System,2020-04-24 07:38:14,corporate,2020-04-24 07:41:58,32
Prince Gurajena,2020-04-24 07:36:50,corporate,2020-04-24 07:40:04,32
Prince Gurajena,2020-04-24 07:34:06,corporate,2020-04-24 07:34:55,32
Sibert chitokwindo,2020-04-24 07:04:47,individual,2020-04-24 07:04:47,32
Farai Zihove,2020-04-23 14:37:37,admin,2020-04-24 06:59:31,32
Felicity Nyasha Munozogara,2020-04-24 06:45:34,admin,2020-04-24 06:45:34,32
Blessing Chamboko,2020-04-24 06:26:30,individual,2020-04-24 06:26:30,32
Mercy Watadza,2020-04-24 06:19:47,individual,2020-04-24 06:19:47,32
Lightwell Chapungu,2020-04-24 06:09:27,individual,2020-04-24 06:09:27,32
Crytone Mudekwa,2020-04-24 06:06:47,individual,2020-04-24 06:06:47,32
Dzoraivaripasi Mudavanhu,2020-04-24 06:04:44,individual,2020-04-24 06:04:44,32
Ashirayi Jimu,2020-04-24 06:03:19,individual,2020-04-24 06:03:19,32
Brian Sanangurai,2020-04-24 05:49:35,individual,2020-04-24 05:49:35,32
PETER PIPER,2020-04-23 18:58:27,individual,2020-04-23 19:37:35,33
Mufaro Nziramasanga,2020-04-23 14:38:28,admin,2020-04-23 16:15:43,33
Barbara Chinzunza,2020-04-23 15:27:36,admin,2020-04-23 16:15:30,33
Lynn Chingwaru,2020-04-23 15:30:05,admin,2020-04-23 16:15:02,33
