"2","1","Certificate of Balance-50 Page Pad","wheiuhweuih","high","2020-02-28","admin@agribank.co.zw","Approved by supervisors. Pending authorisation by Assets","","","1","1","1","","2020-02-28 19:18:03","2020-02-28 20:38:25"
"3","1","Mandate: Consent Minor A/C-Pads","awdmn ,sc","high","2020-02-28","admin@agribank.co.zw","Declined by ","","-1","","","","","2020-02-28 19:25:03","2020-02-28 19:25:31"
"4","1","Cheque Deposit Book(small)","jklkdfnh,df","high","2020-02-28","admin@agribank.co.zw","Approved by supervisors. Pending authorisation by Assets","","","1","1","1","","2020-02-28 20:18:43","2020-02-28 20:38:00"
"5","1","Cheque Deposit Book(small)","fdkn ,mb","high","2020-02-21","admin@agribank.co.zw","Approved by supervisors. Pending authorisation by Assets","","","1","1","","","2020-02-28 20:24:28","2020-02-28 20:40:11"
"6","1","One","One","low","2020-02-28","admin@agribank.co.zw","Pending authorisation by Supreme Leader","","1","","","","","2020-02-28 22:24:10","2020-02-28 22:24:10"
"7","1","Cash Specification Slip-50 Page Pads","ahbxhjsbmca","high","2020-02-29","admin@agribank.co.zw","Pending authorisation by Supreme Leader","","1","","","","","2020-02-29 00:12:23","2020-02-29 00:12:23"
