FMBZZWHX,AFRICAN BANKING CORP OF ZIMBABWE
BARCZWHX,BARCLAYS BANK OF ZIMBABWE LIMITED
COBZZWHA,CBZ BANK LIMITED
CABSZWHA,CENTRAL AFRICA BUILDING SOCIETY
ECOCZWHX,ECOBANK ZIMBABWE LIMITED
FBCPZWHA,FBC BANK LTD
ZDBLZWHA,INFRASTRUCTURE DEV BANK ZIM
MBCAZWHX,MBCA BANK LIMITED
MBOZZWHA,METROPOLITAN BANK OF ZIMBABWE LTD
NMBLZWHX,NMB BANK LIMITED
PWSBZWHX,PEOPLES OWN SAVINGS BANK
REBZZWHX,RESERVE BANK OF ZIMBABWE
SBICZWHX,STANBIC BANK ZIMBABWE LIMITED
SCBLZWHX,STANDARD CHARTERED BANK ZIM LTD
STBLZWHX,STEWARD BANK LIMITED
TTSLZWHX,TEDRAD INVESTMENT BANK LIMITED
ZBCOZWHX,ZIMBABWE BANKING CORPORATION LTD
AFCNZWHA,AFRICAN CENTURY LIMITED
GBSPZWHA,GETBUCKS MICROFINANCE
NABYZWHA,NATIONAL BUILDING SOCIETY LTD
AGRZZWHA,AGRIBANK
