Bank Code , Account , Name , Reason , Amount
FMBZZWHX , 100000000000004 , Sample Name , Test Payment , 20
BARCZWHX , 100000000000004 , Sample Name , Test Payment , 50
COBZZWHA , 100000000000004 , Sample Name , Test Payment , 45
CABSZWHA , 100000000000004 , Sample Name , Test Payment , 60
ECOCZWHX , 100000000000004 , Sample Name , Test Payment , 86
FBCPZWHA , 100000000000004 , Sample Name , Test Payment , 23
ZDBLZWHA , 100000000000004 , Sample Name , Test Payment , 80
MBCAZWHX , 100000000000004 , Sample Name , Test Payment , 20
MBOZZWHA , 100000000000004 , Sample Name , Test Payment , 41
NMBLZWHX , 100000000000004 , Sample Name , Test Payment , 36
PWSBZWHX , 100000000000004 , Sample Name , Test Payment , 45
REBZZWHX , 100000000000004 , Sample Name , Test Payment , 78
SBICZWHX , 100000000000004 , Sample Name , Test Payment , 86
SCBLZWHX , 100000000000004 , Sample Name , Test Payment , 89
STBLZWHX , 100000000000004 , Sample Name , Test Payment , 78
TTSLZWHX , 100000000000004 , Sample Name , Test Payment , 45
ZBCOZWHX , 100000000000004 , Sample Name , Test Payment , 89
AFCNZWHA , 100000000000004 , Sample Name , Test Payment , 23
GBSPZWHA , 100000000000004 , Sample Name , Test Payment , 56
NABYZWHA , 100000000000004 , Sample Name , Test Payment , 89
AGRZZWHA , 100000000000004 , Sample Name , Test Payment , 85
