ID , Start Date , End Date , Supervisor Email , User Info , Status , Created
1,2020-02-05 00:00:00,2020-02-19 00:00:00,pgurajena@agribank.co.zw,Prince Gurajena pgurajena@agribank.co.zw,Sick Leave Half Pay,Authorized,2020-02-14 06:40:32
2,2020-02-05 00:00:00,2020-02-26 00:00:00,pgurajena@agribank.co.zw,Prince Gurajena pgurajena@agribank.co.zw,Sick Leave,Closed,2020-02-14 09:32:32
3,2020-02-07 00:00:00,2020-02-27 00:00:00,pgurajena@agribank.co.zw,Prince Gurajena pgurajena@agribank.co.zw,Annual Leave,Closed,2020-02-14 09:33:00
4,2020-02-01 00:00:00,2020-02-25 00:00:00,pgurajena@agribank.co.zw,Prince Gurajena pgurajena@agribank.co.zw,Annual Leave,Closed,2020-02-14 09:33:30
5,2020-02-05 00:00:00,2020-02-25 00:00:00,pgurajena@agribank.co.zw,Prince Gurajena pgurajena@agribank.co.zw,Sick Leave,Pending Recommendation,2020-02-14 09:44:03
