{
	"authHost": "http://localhost:8000/",
	"authEndpoint": "/broadcasting/auth",
	"clients": [
		{
			"appId": "7bb8a5200257c288",
			"key": "c9337e4e3178e71a36304445e351aaaa"
		}
	],
	"database": "redis",
	"databaseConfig": {
		"redis": {
            "keyPrefix": "laravel_single_sign_on_module_"
        },
		"sqlite": {
			"databasePath": "/database/laravel-echo-server.sqlite"
		}
	},
	"devMode": true,
	"host": null,
	"port": "6001",
	"protocol": "http",
	"socketio": {},
	"secureOptions": 67108864,
	"sslCertPath": "",
	"sslKeyPath": "",
	"sslCertChainPath": "",
	"sslPassphrase": "",
	"subscribers": {
		"http": true,
		"redis": true
	},
	"apiOriginAllow": {
		"allowCors": true,
		"allowOrigin": "*",
		"allowMethods": "GET",
		"allowHeaders": "Origin, Content-Type, X-Auth-Token, X-Requested-With, Accept, Authorization, X-CSRF-TOKEN, X-Socket-Id"
	}
}
